,0,2,cleaned
0,"Turki mah gitu ..presiden nya di hina ama presiden lebanon, begitu kena musibah eh turki duluan yg kirim bantu",Hoax ,turki mah gitu presiden nya di hina ama presiden lebanon begitu kena musibah eh turki duluan yg kirim bantu
1,maruf amin gantiin prabowo prabowo naik jkw turun trus prabowo jd presiden,Hoax ,maruf amin gantiin prabowo prabowo naik jkw turun trus prabowo jd presiden
2,"Pagi2 dah bahas politik ae..

""nih bro asal lu tau, nanti KH. Ma'ruf Amin bakal mundur dari wakil presiden, naaah ntar Prabowo yg gantiin""",Hoax ,pagi2 dah bahas politik ae nih bro asal lu tau nanti kh ma ruf amin bakal mundur dari wakil presiden naaah ntar prabowo yg gantiin
3,"""pegadaian ngga punya akun lelang, bisa langsung ke pelayanan cabang kalo mau cek lelang""",Fakta ,gadai ngga punya akun lelang bisa langsung ke layan cabang kalo mau cek lelang
4,"Temenku ada yg pernah beli di akun lelang pegadaian kayak gini, belinya codan gitu tapi diluar kantor, soalnya ga boleh transaksi di dalam katanya",Hoax ,temenku ada yg pernah beli di akun lelang gadai kayak gin beli codan gitu tapi luar kantor soal ga boleh transaksi di dalam kata
5,Kawanku yang kuliah di STAN memang terpapar radikalisme... sepertinya itu gamblang,Hoax ,kawan yang kuliah di stan memang papar radikalisme seperti itu gamblang
6,"iyaaa gua di awal disuruh ke pkn stan kan, tapi tutup pendaftaran 4 tahun. Trs gua pen nyari poltek2 duluuuu. Gua gatau minat bakat gua anjir",Hoax ,iyaaa gua di awal suruh ke pkn stan kan tapi tutup daftar 4 tahun trs gua pen nyari poltek2 duluuuu gua gatau minat bakat gua anjir
7,PKN STAN tutup selama 4 tahun sampe 2024.. Awalnya ga percaya sampe akhirnya tadi denger langsung dari adek2 mahasiswa STAN dan googling ternyata iya.. Semoga janganlah.. :'(,Hoax ,pkn stan tutup lama 4 tahun sampe 2024 awal ga percaya sampe akhir tadi denger langsung dari adek2 mahasiswa stan dan googling nyata iya moga jangan
8,"Gara2 isu Radikalisne di kampus STAN, maka selama 4 tahun kedepan kampus itu di tutup dan tidak menerima mahasiswa baru. Rupanya sekarang mahasiswa yg rajin shalat dan pengajian di Masjid dianggap pemerintah sebagai embrio Radikalisme sehingga membahayakan keamanan negara ",Hoax ,gara2 isu radikalisne di kampus stan maka lama 4 tahun depan kampus itu di tutup dan tidak terima mahasiswa baru rupa sekarang mahasiswa yg rajin shalat dan aji di masjid anggap perintah bagai embrio radikalisme sehingga bahaya aman negara
9,"Katanya iya:( kemaren juga ada yg bilang, ""dia"" ini punya tante orang dalam kata tantenya juga stan tutup 4 tahun udah dealğŸ˜­, udah capek nangis mikirin iniğŸ˜­",Hoax ,kata iya kemaren juga ada yg bilang dia ini punya tante orang dalam kata tante juga stan tutup 4 tahun udah deal udah capek nang mikirin ini
10,"Pernah baca di tl kalo tahun ini stam ga buka itu karna pandem i , kalo yg 4-5 thn itu moratorium lulusannya bukan pendaftaran stan nya. Cmiiw",Fakta,pernah baca di tl kalo tahun ini stam ga buka itu karna pandem kalo yg 4 5 thn itu moratorium lulus bukan daftar stan nya cmiiw
11,Bahwa Indra Sjafri jadi pelatih baru Juventus itu memang tidak benar. Yang benar adalah dia head coach baru Juventus.,Hoax ,bahwa indra sjafri jadi latih baru juventus itu memang tidak benar yang benar adalah dia head coach baru juventus
12,Indra Sjafri setelah sempat ikut terseret masuk bursa calon pengganti Maurizio Sarri: Indonesia lebih besar dibanding Juventus. #Sjafriball,Fakta,indra sjafri telah sempat ikut seret masuk bursa calon ganti maurizio sarri indonesia lebih besar banding juventus sjafriball
13,Pabrik petasan yg meledak di Lebanon pernah masuk di serial the simpson dan benar meledak di tahun corona. ğŸ’£ğŸ’¥,Hoax ,pabrik petas yg ledak di lebanon pernah masuk di serial the simpson dan benar ledak di tahun corona
14,Ledakan pabrik kembang api di pelabuhan Beirut Lebanon sudah pernah diprediksi oleh The Simpson. https://t.co/BM1PEGlJBa,Hoax ,ledak pabrik kembang api di labuh beirut lebanon sudah pernah prediksi oleh the simpson https co bm1pegljba
15,"Hampir sama di the simpson dan di Lebanon, simpsons mesin waktu.",Hoax ,hampir sama di the simpson dan di lebanon simpsons mesin waktu
16,Informasi mengenai The Simpsons memprediksi ledakan Beirut - Lebanon adalah salah alias HOAX,Fakta,informasi kena the simpsons prediksi ledak beirut lebanon adalah salah alias hoax
17,"Ledakan di film The Simpson mirip banget dgn yang di Lebanon. Dear pengarang film The Simpson: tolong buat film Virus Corona menghilang dari muka bumi ini, sapa tau ilang beneran.",Hoax ,ledak di film the simpson mirip banget dgn yang di lebanon dear arang film the simpson tolong buat film virus corona hilang dari muka bumi ini sapa tau ilang beneran
18,"Yang nyebarin editan kartun The Simpsons sama ledakan di lebanon tolong di stop dong, jangan nyebarin video yang ga sesuai faktanya...... Btw ini yang asli nya",Fakta,yang nyebarin edit kartun the simpsons sama ledak di lebanon tolong di stop dong jangan nyebarin video yang ga sesuai fakta btw ini yang asli nya
19,"Beredar Peta DKI Jakarta Hitam Akibat Covid-19, BIN: Itu Hoaks",Fakta,edar peta dki jakarta hitam akibat covid 19 bin itu hoaks
20,"HatiÂ² dg pembagian masker gratis oleh orgÂ² yg tak dikenal terutama di tmpatÂ² sepi, krna tak jarang terjdi tindak kejahatan. Masker yg diberi telah diberi obat bius terlebih dahulu oleh pelaku yg bs membuat korban tak sadarkan diri",Hoax ,hati dg bagi masker gratis oleh org yg tak kenal utama di tmpat sepi krna tak jarang terjdi tindak jahat masker yg beri telah beri obat bius lebih dahulu oleh laku yg bs buat korban tak sadar diri
21,Ati2 sekarang ada modus ngasi masker gratis tapi dikasi obat bius biar pingsan trus dirampok.,Hoax ,ati2 sekarang ada modus ngasi masker gratis tapi kasi obat bius biar pingsan trus rampok
22,"Si ibu dikasi masker gratis maskernya dikasi obat bius dan dihipnotis ,,motor dibawa kabur.. hati2.....indo mart wrg silah",Hoax ,si ibu kasi masker gratis masker kasi obat bius dan hipnotis motor bawa kabur hati2 indo mart wrg silah
23,"hari ini. Seorang ibu yg naik sepeda motor , diberi masker gratis oleh seseorang di JL HARAPAN RAYA PEKAN BARU. Setelah masker dipakai oleh ibu itu , lalu ia tak sadarkan diri. Masker sudah diberi OBAT BIUS.
DAN SEPEDA MOTORNYA DIBAWA ORANG ITU.",Hoax ,hari ini orang ibu yg naik sepeda motor beri masker gratis oleh orang di jl harap raya pekan baru telah masker pakai oleh ibu itu lalu ia tak sadar diri masker sudah beri obat bius dan sepeda motor bawa orang itu
24,"Hati-hati dan tetap waspada.
Modus pemberian masker gratis yg sdh diberi obat bius
Tetap waspada dan jangan lengah
Kejahatan selalu mengintai kita",Hoax ,hati hati dan tetap waspada modus beri masker gratis yg sdh beri obat bius tetap waspada dan jangan lengah jahat selalu intai kita
25,"Modus baru kejahatan. Pelaku bagiin masker gratis dan langsung disuruh pake. Ternyata maskernya udah dikasih obat bius. Saat korban tertidur, pelaku langsung merampok harta korban.
Modusnya mirip sih kayak bagiin minuman ke penumpang di terminal/stasiun saat musim mudik. Hati2 ya",Hoax ,modus baru jahat laku bagiin masker gratis dan langsung suruh pake nyata masker udah kasih obat bius saat korban tidur laku langsung rampok harta korban modus mirip sih kayak bagiin minum ke tumpang di terminal stasiun saat musim mudik hati2 ya
26,"Tolong lah, ini hipnotis, bukan masker di ksh bius, nanti malah jadi pada parno buat yg di ksh masker gratis, nyebarin berita boleh, tp jgn nyebarin hoax ",Fakta,tolong lah ini hipnotis bukan masker di ksh bius nanti malah jadi pada parno buat yg di ksh masker gratis nyebarin berita boleh tp jgn nyebarin hoax
27,"Oh ayolahh sekiranya blm terbukti Jgn menggiring opini!, coba search di google byk portal2 berita ttg cek fakta apakah ""Masker gratis Terdapat Obat Bius"" kebanyakan berita mengkonfimasi itu HOAX. jg itu berita 5-6hr yg lalu, dan anda blm 24jam. Oh mungkin anda lupa buka browser.",Fakta,oh ayolahh sekira blm bukti jgn giring opini coba search di google byk portal2 berita ttg cek fakta apakah masker gratis dapat obat bius banyak berita mengkonfimasi itu hoax jg itu berita 5 6hr yg lalu dan anda blm 24jam oh mungkin anda lupa buka browser
28,Imam Ahmad bin Hanbal berkata: â€œPemilik ilmu filsafat tidak akan beruntung selamanya. Para ulama filsafat adalah para zindiqâ€ (Talbiis Ibliis 1/75),Hoax ,imam ahmad bin hanbal kata milik ilmu filsafat tidak akan untung lama para ulama filsafat adalah para zindiq talbiis ibliis 1 75
29,"RG ( RADA GILA ) KOK ..DI DENGERIN ...HARAM 
IMAM SYAFII ..MENGATAKAN ILMU FILSAFAT ITU HARAM ...YANG PELAJARI RG ...DAN RG SENDIRI.KAFIR ....#koplakklop",Hoax ,rg rada gila kok di dengerin haram imam syafii kata ilmu filsafat itu haram yang ajar rg dan rg sendiri kafir koplakklop
30,"Hukum mempelajari ilmu filsafat adalah boleh dan tidak haram, dengan catatan orang yang mempelajarinya sudah memiliki pengetahuan luas tentang dasar-dasar ilmu agama sehingga akidah dan imannya tidak goyah. ",Fakta,hukum ajar ilmu filsafat adalah boleh dan tidak haram dengan catat orang yang ajar sudah milik tahu luas tentang dasar dasar ilmu agama sehingga akidah dan iman tidak goyah
31,Orang tua penyebar hoaks :(,Fakta,orang tua sebar hoaks
32,Kalau semua penyebar hoax ditangkap mungkin banyak anak-anak yang hidup tanpa orang tua. Termasuk aku. -korban orang tua penyebar hoax via whatsapp-,Fakta ,kalau semua sebar hoax tangkap mungkin banyak anak anak yang hidup tanpa orang tua masuk aku korban orang tua sebar hoax via whatsapp
33,Hu um. Wkwkwkw.. Penyebar hoax kebanyakan orang tua. Wkwkwkw.,Fakta,hu um wkwkwkw sebar hoax banyak orang tua wkwkwkw
34,Di kanada covid aman terkendali ya? Enak bgt liat story nya orang yg di kanada sudah bisa jalan2 ditaman ga pake masker... foto2 sama bayi2 lagi di taman..,Hoax ,di kanada covid aman kendali ya enak bgt liat story nya orang yg di kanada sudah bisa jalan2 tam ga pake masker foto2 sama bayi2 lagi di taman
35,"Fpi ga butuh SKT
Fpi ga perlu makan beling 
Fpi ga perlu kebal bacok
Fpi ga butuh 1,5 T

Yang Fpi cari ridho Illahi..

Alloh hu akbar..

Menolak lupa",Hoax ,fpi ga butuh skt fpi ga perlu makan beling fpi ga perlu kebal bacok fpi ga butuh 1 5 yang fpi cari ridho illahi alloh hu akbar tolak lupa
36,"Sampai kiamat FPI mungkin akan dibenci ormas bayaran yg bs saja saat latihan kebal bacok pas praktek di kehidupan takut jarum. Jangan2 FPI nanti akan bergabung dengan Imam Al Mahdi (?) , artinya yg bergabung dengan Imam Al Mahdi adalah manusia2 pilihan akhir zaman. Wallaahu a'lam",Hoax ,sampai kiamat fpi mungkin akan benci ormas bayar yg bs saja saat latih kebal bacok pas praktek di hidup takut jarum jangan2 fpi nanti akan gabung dengan imam al mahdi arti yg gabung dengan imam al mahdi adalah manusia2 pilih akhir zaman wallaahu lam
37,"Negara kita tidak pernah berhutang, hanya melakukan pinjaman luar negeri.

*katajokowi
*31maret2020",Hoax ,negara kita tidak pernah hutang hanya laku pinjam luar negeri katajokowi 31maret2020
38,"Bu Sri., mohon maaf. Kalau anda sudah tak sanggup, tolong tahu diri. Setidaknya dengarkan masukan dri pakar independent. Kasihan Indonesia.",,bu sri mohon maaf kalau anda sudah tak sanggup tolong tahu diri tidak dengar masuk dri pakar independent kasihan indonesia
39,"Miris...!!! 5 pangkalan militer Negara Komunis China ternyata telah eksis dibangun di Indonesia sejak tahun 2015 .

Berlokasi di Natuna, Morowali, Kaltim dan 2 wilayah lainnya masih dalam tahap pembangunan dan dirahasiakan oleh rezim Jokowi sebagai tameng bagi Imperialis China",Hoax,miris 5 pangkal militer negara komunis china nyata telah eks bangun di indonesia sejak tahun 2015 lokasi di natuna morowali kaltim dan 2 wilayah lain masih dalam tahap bangun dan rahasia oleh rezim jokowi bagai tameng bagi imperialis china
40,"Terdapat 5 pangkalan militer China di Indonesia yang telah dibangun sejak tahun 2015 hingga saat ini.
Natuna, Morowali, Kaltim adalah 3 pangkalan militer China yang telah selesai dibangun dan saat ini dalam tahap finishing 85% persenjataan. ",Hoax,dapat 5 pangkal militer china di indonesia yang telah bangun sejak tahun 2015 hingga saat ini natuna morowali kaltim adalah 3 pangkal militer china yang telah selesai bangun dan saat ini dalam tahap finishing 85 senjata
41,"Nah loh ada pangkalan Militer di Laut Natuna... Ada apa ini???

Google Earth Rilis Gambar Pangkalan Militer China di Laut Natuna Utara ",Hoax,nah loh ada pangkal militer di laut natuna ada apa ini google earth rilis gambar pangkal militer china di laut natuna utara
42,"Pabrik Esemka Kosong dan Karyawan Dipecat.
Drama Baru Lagi?",Hoax,pabrik esemka kosong dan karyawan pecat drama baru lagi
43,Kami denger ktanya smua karyawan pabrik ESEMKA kena CORONA mkanya pabrik di liburkan...ğŸ¤£,Hoax,kami denger ktanya smua karyawan pabrik esemka kena corona mkanya pabrik di libur
44,Info Pembagian Laptop Gratis Dari Pemerintah Untuk Siswa ,Hoax,info bagi laptop gratis dari perintah untuk siswa
45,"@Kemdikbud_RI hallo, saya mau bertanya, apakah program ini benar adanya? Atau hanya penipuan ya?
Katanya ada pembagian laptop gratis untuk siswa dan guru.",Hoax,kemdikbud ri hallo saya mau tanya apakah program ini benar ada atau hanya tipu ya kata ada bagi laptop gratis untuk siswa dan guru
46,"Orang besarnya aja bilang gak tahu ...
Kebanyakan makan tempe ...",Hoax,orang besar aja bilang gak tahu banyak makan tempe
47,"Kalo pak presiden aja yg di gaji tinggi dan di beri kelengkapan berbagai fasilitas tidak tau. Lah piye toh, mundur aja deh",Hoax,kalo pak presiden aja yg di gaji tinggi dan di beri lengkap bagai fasilitas tidak tau lah piye toh mundur aja deh
48,"Kasus Corona Tembus 111 Ribu, Jokowi : Saya Tidak Tahu Sebabnya Apa
https://t.co/LHLrQJhSYi
Jokowi: Angka Kematian Covid-19 RI Lebih Tinggi 0,8 Persen dari Global
https://t.co/J37C9ysZfT
Klo presiden dgn kelengkapan alat negara, SDM & dana ajja ga tauğŸ¤¦ğŸ»â€â™‚ï¸
MUNDUR itu lbh terhormatğŸ¤·ğŸ¼â€â™‚ï¸ https://t.co/EcyRWrgGkk",Hoax,kasus corona tembus 111 ribu jokowi saya tidak tahu sebab apa https co lhlrqjhsyi jokowi angka mati covid 19 ri lebih tinggi 0 8 persen dari global https co j37c9yszft klo presiden dgn lengkap alat negara sdm dana ajja ga tau mundur itu lbh hormat https co ecyrwrggkk
49,"Serba ndak tahu buat apa jdi presiden...eh, bukannya dibatalin MA yaa...harusnya mawas diri dgn kafasitas yg dimiliki bukan maksain...",Hoax,serba ndak tahu buat apa jdi presiden eh bukan dibatalin ma yaa harus mawas diri dgn kafasitas yg milik bukan maksain
50,"Jrreenngg jrreenngg mandalika siap memesona dunia sebagai neo bali ,upaya pakdhe jokowi menghadirkan negara demi pesona potensi lokal yang mampu menggerakkan ekonomi loka",Hoax,jrreenngg jrreenngg mandalika siap pesona dunia bagai neo bal upaya pakdhe jokowi hadir negara demi pesona potensi lokal yang mampu gerak ekonomi loka
51,"Ajang balap dunia MOTOGP 2021 akan digelar di Mandalika, Lombok, NTB dan di klaim sbg sirkuit jalan raya pertama di dunia utk perhelatan MOTOGP ğŸ‘",Hoax,ajang balap dunia motogp 2021 akan gelar di mandalika lombok ntb dan di klaim sbg sirkuit jalan raya pertama di dunia utk helat motogp
52,"Ledakan besar dan mematikan mengguncang kota Beirut, Lebanon. Seperti yang terlihat di tayangan-tayangan video, awan hitam pekat menyelimuti pelabuhan yang telah dilalap api. Bangunan-bangunan hancur rata dengan tanah menyerupai sebuah ledakan bom nuklir. #lebanon",Hoax,ledak besar dan mati guncang kota beirut lebanon seperti yang lihat di tayang tayang video awan hitam pekat limut labuh yang telah lalap api bangun bangun hancur rata dengan tanah rupa buah ledak bom nuklir lebanon
53,"DetikÂ² ledakan di Lebanon, seperti Bom Nuklir gaes..
Link di bawah
#ledakanlebanon 
#ledakanbeirut 
#PrayForLebanon ",Hoax,detik ledak di lebanon seperti bom nuklir gaes link di bawah ledakanlebanon ledakanbeirut prayforlebanon
54,pagi-pagi disuguhi video ledakan di lebanon. ledakan keduanya serem banget dah kayak bom nuklir :(,Hoax,pagi pagi suguh video ledak di lebanon ledak dua rem banget dah kayak bom nuklir
55,Ngeri yang terjadi di lebanon. Dari vidnya efek ledakannya kyk bom nuklir hiroshima & nagasaki,Hoax,ngeri yang jadi di lebanon dari vidnya efek ledak kyk bom nuklir hiroshima nagasaki
56,Bahkan dokter di amerika bersuara melawan who..(tanpa pakaian astronot apalagi masker),Hoax,bahkan dokter di amerika suara lawan who tanpa pakai astronot apalagi masker
57,"Ngaku presiden dgn negara populasi islam terbesar di dunia, tapi mana suara jokowi tak terdengar mengutuk cina. Ya nama juga keturunan komunis, pasti bela komunis. Untungnya gw tidak pernah anggap jokowi presiden gw, sorry yg tidak sepaham.",Hoax,ngaku presiden dgn negara populasi islam besar di dunia tapi mana suara jokowi tak dengar kutuk cina ya nama juga turun komunis pasti bela komunis untung gw tidak pernah anggap jokowi presiden gw sorry yg tidak paham
58,"Bgi yg punya anak putra putrinya harus di awasin yg suka maen hp..ini anak hbis di oprasi pengecilan otak gara kna rdiasi sinar hp mhon di bagikan ya, sampe skrg anakya blm sadar...aamiinkan sejenak semoga anak iniâ€¦ ",Hoax,bgi yg punya anak putra putri harus di awasin yg suka maen hp ini anak hbis di oprasi kecil otak gara kna rdiasi sinar hp mhon di bagi ya sampe skrg anakya blm sadar aamiinkan jenak moga anak ini
59,"Inilah hasil yg dikehendaki olh oknum utk mengamandemen UUD 1945 agar china bisa leluasa di Negara Republik Indonesia.
Terkait TKA china Rakyat harus bertindak dan saling membahu utk bersatu, problem masyarakat Kendari adlh problem Rakyat Indonesia.",Hoax,ini hasil yg hendak olh oknum utk amandemen uud 1945 agar china bisa leluasa di negara republik indonesia kait tka china rakyat harus tindak dan saling bahu utk satu problem masyarakat kendari adlh problem rakyat indonesia
60,"https://t.co/qolnP7rl7O

Di sini beritanya Kendari memanas menolak TKA China",Hoax,https co qolnp7rl7o di sini berita kendari panas tolak tka china
61,Video ini bagus untuk dokumentaai di masa yg akan datang jika kelak kita benar benar merdeka dan berdaulat. Sebagai awal perjuangan penolakan rakyat terhadap ekspansi China yg dibungkus dengan pengiriman TKA. Sejarah akan menulis bahwa rakyat Kendari adalah para patriot sejati.,Hoax,video ini bagus untuk dokumentaai di masa yg akan datang jika kelak kita benar benar merdeka dan daulat bagai awal juang tolak rakyat hadap ekspansi china yg bungkus dengan kirim tka sejarah akan tulis bahwa rakyat kendari adalah para patriot sejati
62,"Masih ingatkah Berita ini 105 TKA CHINA pd 1 Juli 2020 ,sekarang 2 Agustus 2020 ada yang tahu sdh berapa?

105 TKA China Tiba di Bandara Kendari, Polisi Bubarkan Demonstran",Hoax,masih ingat berita ini 105 tka china pd 1 juli 2020 sekarang 2 agustus 2020 ada yang tahu sdh berapa 105 tka china tiba di bandara kendari polisi bubar demonstran
63,"Ini di kendari ya, Masuk nya TKA china dsna ?",Hoax,ini di kendari ya masuk nya tka china dsna
64,"jangan sampe sentimen tersebut meluas hingga menjadi aksi, di Kendari sempat ada demo menolak kedatangan 500 TKA China. demonstran juga sampai berani melakukan sweeping, ngerii",Hoax,jangan sampe sentimen sebut luas hingga jadi aksi di kendari sempat ada demo tolak datang 500 tka china demonstran juga sampai berani laku sweeping ngeri
65,Apa maksudnya dari pada menyembelih Hewan Qurban. Mendingan uangnya untuk bayar Hutang Negara...?,Hoax,apa maksud dari pada sembelih hewan qurban mending uang untuk bayar hutang negara
66,Wapres menyebut Idul Adha tak harus dimaknai dengan menyembelih qurban ,Hoax,wapres sebut idul adha tak harus makna dengan sembelih qurban
67,"Mungkin mksd pak Yai ga usah potong domba atau sapi, beliin sembako aja dan berbagi gitu? ğŸ˜‚ğŸ˜‚ğŸ˜‚

Kok pak Yai juga qurban sapi? Kenapa ga beli sembako terus berbagi sembako aja? ğŸ¤”ğŸ¤”ğŸ¤”",Hoax,mungkin mksd pak yai ga usah potong domba atau sapi beliin sembako aja dan bagi gitu kok pak yai juga qurban sapi kenapa ga beli sembako terus bagi sembako aja
68,"fatal, kalo sampai temuannya terbukti lolos secara uji klinis terlepas dari ribut soal gelar, tetap dia mampu memberikan harapan bagi penderita covid, bagaimana anda mau menghukum orang yg telah menemukan obat? miris kalo hukum di indonesia seperti itu. fokus ke produknya.",Hoax,fatal kalo sampai temu bukti lolos cara uji klinis lepas dari ribut soal gelar tetap dia mampu beri harap bagi derita covid bagaimana anda mau hukum orang yg telah temu obat miris kalo hukum di indonesia seperti itu fokus ke produk
69,"Kalau ghibran debat ama om rocky..awas pertanda dunia udah kembali kejaman batu.
Coba tanya ghibran,dirumah ada cermin ngga",Hoax,kalau ghibran debat ama om rocky awas tanda dunia udah kembali kejam batu coba tanya ghibran rumah ada cermin ngga
70,"Debat tentang apa dulu, klo tentang martabak dan sang pisang, gue pastiin Rocky Gerung KO.",Hoax,debat tentang apa dulu klo tentang martabak dan sang pisang gue pastiin rocky gerung ko
71,"Tp klo masalah politik mending jangan,.malu2in. Paling bisanya tolak pinggang sambil teriak, ""merdeka, merdeka, sekali lagi, merdeka... terimakasih",Hoax,tp klo masalah politik mending jangan malu2in paling bisa tolak pinggang sambil teriak merdeka merdeka sekali lagi merdeka terimakasih
72,Yg gw bingung materi debatnya apa? Visi misi jd Cawalkot atau dinasti politik?,Hoax,yg gw bingung materi debat apa visi misi jd cawalkot atau dinasti politik
73,"Wooii, Abu Janda jangan kabur ya, ini gede luh fulusnyağŸ˜‚ Ridwan Kamil Ajak Abu Janda Jadi Relawan Uji Vaksin Corona, Faktanya ",Hoax,wooii abu janda jangan kabur ya ini gede luh fulus ridwan kamil ajak abu janda jadi rawan uji vaksin corona fakta
74,"Bang @ridwankamil Jangan Lupakan Sohibnya Abu Janda Yaitu @Dennysiregar7 @eko_kuntadhi Dan Para Jajarannya, Thank's.",Hoax,bang ridwankamil jangan lupa sohib abu janda yaitu dennysiregar7 eko kuntadhi dan para jajar thank
75,Tolong om putin.. kirim rudal ke gedung DPR. Dan istana...tp bsok ya.. pas ada rapat... jngn sekarang. Skrng lg ada saudara saudara kami yg demo...,Hoax,tolong om putin kirim rudal ke gedung dpr dan istana tp bsok ya pas ada rapat jngn sekarang skrng lg ada saudara saudara kami yg demo
76,"Telpon Putin aja Pak,kabulkan doa dr anak kecil yg meminta Putin kirim rudal ke gedung dpr ğŸ˜„",Hoax,telpon putin aja pak kabul doa dr anak kecil yg minta putin kirim rudal ke gedung dpr
77,"Dukung.. Dukung... pesen juga ke Korut, daripada buang2 rudal percuma, kirim aja ke Gedung DPRğŸ˜‚ğŸ˜‚ğŸ˜‚ @wahyuAasih https://t.co/soaBIjeMrC",Hoax,dukung dukung sen juga ke korut daripada buang2 rudal percuma kirim aja ke gedung dpr wahyuaasih https co soabijemrc
78,"Lanjutkan pak Jokowi 
3 periode banyak yang mendukung BPK
Untuk kemajuan bangsa Indonesia
#Tanpabeban",Hoax,lanjut pak jokowi 3 periode banyak yang dukung bpk untuk maju bangsa indonesia tanpabeban
79,Bagus lah 3 periode gw dukung.,Hoax,bagus lah 3 periode gw dukung
80,"Kagok amat 3 periode...
Sampai mati we sekalian...",Hoax,kagok amat 3 periode sampai mati we sekali
81,"Boleh gpp,,, wakil nye yg nekat brani tempur,,,
Yg penting gx ada keterlibatan partai atu pun dlm kabinet n yg berkaitan lembaga negara apa pun, (pdip no way)

Atu lg,,, si kaesang jadi mentri investasi, n hrs bujang gx boleh kawin dulu,,,",Hoax,boleh gpp wakil nye yg nekat brani tempur yg penting gx ada libat partai atu pun dlm kabinet yg kait lembaga negara apa pun pdip no way atu lg si kaesang jadi tri investasi hrs bujang gx boleh kawin dulu
82,"Ckp 2 periode saja. Andai boleh dipilih lg untuk ke 3, aku tdk pilih lg. Menyesal? Tdk. Aku kuatir, stlh tampa beban, periode berikutnya santai bekerja.

Buat tokoh nasional yg baik-baik, muncullah siap gantikan Jokowi siap melanjutkan visi misi Jokowi yg baik dan blm tuntas.",Hoax,ckp 2 periode saja andai boleh pilih lg untuk ke 3 aku tdk pilih lg sesal tdk aku kuatir stlh tampa beban periode ikut santai kerja buat tokoh nasional yg baik baik muncul siap ganti jokowi siap lanjut visi misi jokowi yg baik dan blm tuntas
83,"#panoramakulonprogo
â— Monggo yang punya usaha mikro, bisa isi pendataan ini di link https://t.co/j9XKt8LAyK. Ditunggu sampai nanti sore, atau jika kebingungan bisa DM ke dinaskoperasiukmkp.",Hoax,panoramakulonprogo monggo yang punya usaha mikro bisa isi data ini di link https co j9xkt8layk tunggu sampai nanti sore atau jika bingung bisa dm ke dinaskoperasiukmkp
84,Pendataan data usulan calon Penerima Bantuan Usaha Mikro (PBUM). Semoga bantuan segera terealisasi bagi pelaku usaha mikro ditengah kondisi yang sangat sulit yang di rasakan hampir semua para pelaku usaha mikro.â€¦,Hoax,data data usul calon terima bantu usaha mikro pbum moga bantu segera realisasi bagi laku usaha mikro tengah kondisi yang sangat sulit yang di rasa hampir semua para laku usaha mikro
85,"Pastikn account anda selamat..

Terbaikla.Mark zuckerberg ketua pegawai eksekutif facebook mencipta perkataan baru GRATULA untuk memastikan akaun facebook anda dlm keadaan selamat. Taip GRATULA dalam komen jika... ",Hoax ,pastikn account anda selamat terbaikla mark zuckerberg ketua pegawai eksekutif facebook cipta kata baru gratula untuk pasti akaun facebook anda dlm ada selamat taip gratula dalam komen jika
86,"#im4BN Mark Zuckerberg, Ketua Pegawai Eksekutif Facebook, mencipta perkataan baru GRATULA. Untuk memastikan akaun anda dalam keadaan selamat, taip GRATULA dalam komen. Jika Merah , akaun anda masih selamat, Jika ia tidak bertukar kepada warna merah, silaâ€¦ ",Hoax,im4bn mark zuckerberg ketua pegawai eksekutif facebook cipta kata baru gratula untuk pasti akaun anda dalam ada selamat taip gratula dalam komen jika merah akaun anda masih selamat jika ia tidak tukar kepada warna merah sila
87,"Di china monyet untuk test lab nya mahal, di Indonesia uji coba nya ke manusia...gratis.",Hoax,di china monyet untuk test lab nya mahal di indonesia uji coba nya ke manusia gratis
88,"Jika tidak ada yang siap, coba tanya sama monyet, ada yang siap tidak gantiin monyet2 disana...",Hoax,jika tidak ada yang siap coba tanya sama monyet ada yang siap tidak gantiin monyet2 sana
89,Buat cebonger berhubungan china kekurangan monyet untuk uji coba vaksin dan pemerintah china meminta kepada pemerintah Ri untuk uji coba gratis krena kalian adalah cebong militan dan garda terdepan untuk pemerintah ini dan lebih manfaat klo kalian yg menjadi relawannya .,Hoax,buat cebonger hubung china kurang monyet untuk uji coba vaksin dan perintah china minta kepada perintah ri untuk uji coba gratis krena kalian adalah cebong militan dan garda depan untuk perintah ini dan lebih manfaat klo kalian yg jadi rawan
90,"Laboratorium China kekurangan monyet untuk uji coba vaksin Corona.

Pak Dhe ngotot untuk melakukan vaksinasi Corona kepada masyarakat.

Berarti benar vaksin Corona belum teruji klinis dong. Atau janganÂ² mereka anggap kita ini... Ah sudahlah ğŸ˜‚ğŸ˜‚",Hoax,laboratorium china kurang monyet untuk uji coba vaksin corona pak dhe ngotot untuk laku vaksinasi corona kepada masyarakat arti benar vaksin corona belum uji klinis dong atau jangan mereka anggap kita ini ah sudah
91,"Kampus di bandung kembali seru lagi , setelah zaman sy bocah di isiin dengan sekotak sabun dan hand body oleh bandung lautan asmara , sekarang ada kampus sekte pemujaan setan
Madep kieu bdg aing",Hoax ,kampus di bandung kembali seru lagi telah zaman sy bocah di isiin dengan kotak sabun dan hand body oleh bandung laut asmara sekarang ada kampus sekte puja setan madep kieu bdg aing
92,"Demo Neo PKI hari ini udah dapat Ijin dari Buntelan kentut maaf ralat Dari Petinggi Kepolisian 

Tinggal tunggu genderang perang ditabuh aja",Hoax,demo neo pki hari ini udah dapat ijin dari buntel kentut maaf ralat dari petinggi polisi tinggal tunggu genderang perang tabuh aja
93,"Rocky Gerung: foto Rizieq Shihab dibakar settingan intelijen pengalihan isu Gibran maju pilkada.

Mmmmm ğŸ¤”ğŸ™„
Out of the blue tiba tiba ada demo tentang khilafah, padahal isu yang keras di khawatirkan lahirnya Neo PKI.
Emang terkesan aneh..",Hoax,rocky gerung foto rizieq shihab bakar settingan intelijen alih isu gibran maju pilkada mmmmm out of the blue tiba tiba ada demo tentang khilafah padahal isu yang keras di khawatir lahir neo pki emang kes aneh
94,Yg suruh demo orng soleh pasti org tsb neo PKI yg Sesat & Group PEMBOHONG.,Hoax,yg suruh demo orng soleh pasti org tsb neo pki yg sesat group bohong
95,"Gak bakalan bisa Prabowo ganti Ma'ruf. Proksinya akan sekuat tenaga jaga Ma'ruf tetap di kursi Wapres. Kalo Ma'ruf lengser, kans putra mahkota di 2024 terancam apalagi kalo sampe jatuh ke tangan Prabowo yg musuh dan rival sejak lama. Bisa jantungan Ki Lurah ğŸ¤¬ğŸ¤¬",Hoax,gak bakal bisa prabowo ganti ma ruf proksinya akan kuat tenaga jaga ma ruf tetap di kursi wapres kalo ma ruf lengser kans putra mahkota di 2024 ancam apalagi kalo sampe jatuh ke tangan prabowo yg musuh dan rival sejak lama bisa jantung ki lurah
96,"Presiden Prancis Emmanuel Macron kemarin mengeluarkan larangan pendirian sekolah Turki di Prancis.

Merespon hal itu, setengah jam kemudian, Presiden Turki Erdogan mengeluarkan perintah penutupan semua sekolah prancis di Turki. Kurang lebih 70 sekolah.",Hoax,presiden prancis emmanuel macron kemarin keluar larang diri sekolah turki di prancis merespon hal itu tengah jam kemudian presiden turki erdogan keluar perintah tutup semua sekolah prancis di turki kurang lebih 70 sekolah
97,"BELAJAR ""IZZAH"" DARI TURKI
Presiden Perancis Melarang Sekolah Turki di Negaranya, Erdogan Balas Dengan Tegas",Hoax,ajar izzah dari turki presiden perancis larang sekolah turki di negara erdogan balas dengan tegas
98,"[1]
Ini baru Pemimpin. 
-----
Presiden Prancis Emmanuel Macron kemarin mengeluarkan larangan pendirian sekolah Turki di Prancis.
Merespon hal itu, setengah jam kemudian, Presiden Turki Erdogan mengeluarkan perintah penutupan semua sekolah prancis di Turki. ",Hoax,1 ini baru pimpin presiden prancis emmanuel macron kemarin keluar larang diri sekolah turki di prancis merespon hal itu tengah jam kemudian presiden turki erdogan keluar perintah tutup semua sekolah prancis di turki
99,"Emang tahun 2024 masih ada Pilpres yaa 
Jokowi pengen jadi presiden seumur hidup, seperti bung karno dulu, cuma beda bung karno punya rasa malu, sedang jokowi tak punya malu 

Bayangin 2 periode berkuasa, kerjanya berantem terus sama Rakyat",Hoax,emang tahun 2024 masih ada pilpres yaa jokowi ken jadi presiden umur hidup seperti bung karno dulu cuma beda bung karno punya rasa malu sedang jokowi tak punya malu bayangin 2 periode kuasa kerja antem terus sama rakyat
100,"Disaat fresh graduate kesulitan mencari kerja, TKA china melenggang masuk Indonesia, saat pandemi pula. 
Kurang hebat apalagi presiden dan menteri negara awak ini, hidup @jokowi presiden seumur hidup!!!",Hoax,saat fresh graduate sulit cari kerja tka china lenggang masuk indonesia saat pandemi pula kurang hebat apalagi presiden dan menteri negara awak ini hidup jokowi presiden umur hidup
101,"Keppres Jokowi Presiden Seumur Hidup sekalian, wkwkwkwk",Hoax,keppres jokowi presiden umur hidup sekali wkwkwkwk
102,Setuju! U penghematan. Sekalian angkat jokowi presiden seumur hidup terus nanti penggantinya gibran.,Hoax,tuju hemat sekali angkat jokowi presiden umur hidup terus nanti ganti gibran
103,"Cilacap Luar Biasa
Sekarang 8 camat di kabupaten terluas di Jawa Tengah ini diberi inventaris sebuah pesawat terbang untuk operasional. Semoga berlanjut pada setiap camat di Republik Indonesia! ",Hoax ,cilacap luar biasa sekarang 8 camat di kabupaten luas di jawa tengah ini beri inventaris buah pesawat terbang untuk operasional moga lanjut pada tiap camat di republik indonesia
104,"Camat Dapat Inventaris Pesawat Terbang, Guyon Keren Pejabat di Era New Normal",Hoax,camat dapat inventaris pesawat terbang guyon keren jabat di era new normal
105,"HATI-HATI untuk para WANITA HAID!!

Sharing untuk para wanita,jika wanita sedang HAID maka sekali-kali jangan lakukan 4 hal ini.

1. Jangan minum ais, air berkarbonat dan kelapa kerana darah haid boleh tersisa di dinding rahim yang boleh menyebabkan berlaku kanser rahim.",Hoax,hati hati untuk para wanita haid sharing untuk para wanita jika wanita sedang haid maka sekali kali jangan laku 4 hal ini 1 jangan minum ais air karbonat dan kelapa rana darah haid boleh sisa di dinding rahim yang boleh sebab laku kanser rahim
106,Lebih baik di tutup @Facebook @TwitterID karena.di pakai ajang ujaran kebencian. Dan tidak ada tindakan dari pihak terkait.,Hoax ,lebih baik di tutup facebook twitterid karena di pakai ajang ujar benci dan tidak ada tindak dari pihak kait
107,"Tutup aja, lebih cepat lebih baik, ga usah ancam2 lah",Hoax,tutup aja lebih cepat lebih baik ga usah ancam2 lah
108,"Jika facebook ditutup di indonesia 
Rakyat makin kuat untuk tdk memilih jokowi di pilpres berikutnya
@jokowi @budimandjatmiko @RatnaSpaet",Hoax,jika facebook tutup di indonesia rakyat makin kuat untuk tdk pilih jokowi di pilpres ikut jokowi budimandjatmiko ratnaspaet
109,"Transfer of technology itu alibi! Dari zaman 2014 sampe skrg, pada sektor mana ada transfer of technology dr China?! Lalu skrg, rakyat dijadikan kelinci percobaan vaksin dr China? Harusnya pejabat dlu, lead by example!",Hoax,transfer of technology itu alibi dari zaman 2014 sampe skrg pada sektor mana ada transfer of technology dr china lalu skrg rakyat jadi kelinci coba vaksin dr china harus jabat dlu lead by example
110,"Kenapa ngotot menggunakan Vaksin China ya ?

Bukankah yang diuji klinis di Biofarma itu produk dari Sinovac China ? 

Bukan vaksin buatan dalam negeri.

Maksa jadi monyet percobaan kah ?",Hoax,kenapa ngotot guna vaksin china ya bukankah yang uji klinis di biofarma itu produk dari sinovac china bukan vaksin buat dalam negeri maksa jadi monyet coba kah
111,"Janganlah,, uji coba Vaksin C-19 dari Negara China komunis yg menjadikan lahan uji coba kelinci percobaan di indonesia , kenapa bukan Negara China yg melakukan di negaranya sendiri , pemerintah pusat jgn sebodoh itu janganlah rakyat indonesia jadi korban keinginan China komunis ",Hoax,jangan uji coba vaksin 19 dari negara china komunis yg jadi lahan uji coba kelinci coba di indonesia kenapa bukan negara china yg laku di negara sendiri perintah pusat jgn bodoh itu jangan rakyat indonesia jadi korban ingin china komunis
112,"Vaksin dari china diuji coba di Indonesia...kok RI seperti kelinci percobaan.. 
Kalau berhasil..yang kaya China.. 
Kalau gagal..yang modar rakyat RI..
Kalau berhasil yang numpang beken Jokowi, kalau gagal ngga mau disalahkan...akan bilang namanya juga uji coba....ğŸ¥±ğŸ¥± dah watak.",Hoax,vaksin dari china uji coba di indonesia kok ri seperti kelinci coba kalau hasil yang kaya china kalau gagal yang modar rakyat ri kalau hasil yang numpang beken jokowi kalau gagal ngga mau salah akan bilang nama juga uji coba dah watak
113,"Bukan jadi obyek percobaan mas ... Tapi ini uji klinis fase terahir,karena di china sudah uji coba trhadap manusia memasuki fase terahir dan siap sebar,mkanya mungkin di beli indonesia sekaligus untuk uji coba fase terahir,nanti setelah uji coba apakah ada efek samping atau tidak",Fakta,bukan jadi obyek coba mas tapi ini uji klinis fase terahir karena di china sudah uji coba trhadap manusia pasuk fase terahir dan siap sebar mkanya mungkin di beli indonesia sekaligus untuk uji coba fase terahir nanti telah uji coba apakah ada efek samping atau tidak
114,"Hagia sophia yang dikembalikan fungsi nya oleh Edorgan pada ngamuk 

Israel Ubah Masjid Bersejarah Jadi Bar dan Ruang Acara Penikahan kalian pada diam

Kalian ini Islam Apa bukan, Munafik kalian",Hoax,hagia sophia yang kembali fungsi nya oleh edorgan pada ngamuk israel ubah masjid sejarah jadi bar dan ruang acara nikah kalian pada diam kalian ini islam apa bukan munafik kalian
115,"Israel Ubah Masjid Al Ahmar jadi Bar

Astgfirullahhhh...berilh Israel azabmu secara langsung .....",Hoax,israel ubah masjid al ahmar jadi bar astgfirullahhhh berilh israel azab cara langsung
116,"Laknatullah Israel.!

Israel Ubah Puluhan Masjid Palestina Jadi Bar, Sinagoga, Hancurkan Beberapa Lainnya.",Hoax,laknatullah israel israel ubah puluh masjid palestina jadi bar sinagoga hancur beberapa lain
117,"Petani di Malili Sulsel, di Pukuli Polisi. Mereka dipukuli karna lahan mreka tdk mau dibeli oleh PT Sindoka. Biadab! https://t.co/s6Z07MDkKh",Hoax,tani di malili sulsel di pukul polisi mereka pukul karna lahan mreka tdk mau beli oleh pt sindoka biadab https co s6z07mdkkh
118,@jokowi_do2 Petani di Malili Sulsel dipukuli karena mereka ingin mempertahankan lahan yang ingin dikuasai PT sindoka ,Hoax,jokowi do2 tani di malili sulsel pukul karena mereka ingin tahan lahan yang ingin asai pt sindoka
119,Ini petani malili sulsel yg dipukuli oknum krn mempertahankan lahan cc @budimandjatmiko http://t.co/rCdya4TpkD,Hoax,ini tani malili sulsel yg pukul oknum krn tahan lahan cc budimandjatmiko http co rcdya4tpkd
120,"Wah bintang/zodiac kalian berubah nih ğŸ˜…ğŸ˜…ğŸ˜…

NASA mengumumkan keberadaan rasi bintang baru. Kehadirannya membuat jumlah rasi bintang bertambah dari 12 menjadi 13, dan karenanya semua zodiak pun berubah.",Hoax,wah bintang zodiac kalian ubah nih nasa umum ada rasi bintang baru hadir buat jumlah rasi bintang tambah dari 12 jadi 13 dan karena semua zodiak pun ubah
121,"DengarÂ² yang lagi booming banget ada zodiak baru, kalau dari NASA melihat pergerakkan bumi telah bergeser, dan zodiak nya jadi 13.",Hoax,dengar yang lagi booming banget ada zodiak baru kalau dari nasa lihat gerak bumi telah geser dan zodiak nya jadi 13
122,"[ ZODIAK BERUBAH ]
Nasa telah meluncurkan pembagian Zodiak baru karena sumbu bumi telah bergeser. ahli astronomi yang menambahkan adanya zodiak baru, jadi sekarang dalam satu tahun ada 13 zodiak",Hoax,zodiak ubah nasa telah luncur bagi zodiak baru karena sumbu bumi telah geser ahli astronomi yang tambah ada zodiak baru jadi sekarang dalam satu tahun ada 13 zodiak
123,"Nope

Ini berita lama, sempet viral tahun 2011-2016 yang lalu udah dibantah sama para astrologer. Ophiuchus termasuk dalem constellation zodiac dan itu beda sama 12 zodiak lainnya. Constellation zodiac gak dipake",Fakta,nope ini berita lama sempet viral tahun 2011 2016 yang lalu udah ban sama para astrologer ophiuchus masuk dalem constellation zodiac dan itu beda sama 12 zodiak lain constellation zodiac gak dipake
124,"Zodiak baru, opiuchus ( 29 november - 17 desember) ó¾®—

*penelitian dari nasa.. :v",Hoax,zodiak baru opiuchus 29 november 17 desember teliti dari nasa v
125,"Nasa sudah mengkonfirmasi via newscientist jika itu nggak benar. Apalagi Nasa dan zodiak itu dua hal yg berbeda, Nasa menggambarkan keadaan langit sesuai ilmu pengetahuan sdgnkn zodiak jauh dari ilmiah. Jadi saat Nasa mengklaim rasi bintang baru, itu bukanlah zodiak.",Fakta,nasa sudah konfirmasi via newscientist jika itu nggak benar apalagi nasa dan zodiak itu dua hal yg beda nasa gambar ada langit sesuai ilmu tahu sdgnkn zodiak jauh dari ilmiah jadi saat nasa klaim rasi bintang baru itu bukan zodiak
126,"makan durian, minum soda cara bunuh diri terbaru :v jgn ditiru woy, ini sungguhan",Hoax,makan durian minum soda cara bunuh diri baru jgn tiru woy ini sungguh
127,"Life lesson this weeks: jangan makan durian dan minum soda setelah itu, hasilnya benar2 sakaratul maut. 

Ps: kalau belum seminggu sembuh, jangan makan sambal dulu, hasilnya kambuh ditambah meriang.ğŸ¤’",Hoax,life lesson this weeks jangan makan durian dan minum soda telah itu hasil benar2 sakaratul maut ps kalau belum minggu sembuh jangan makan sambal dulu hasil kambuh tambah meriang
128,"Meskipun demikian, minum minuman soda setelah mengonsumsi durian tidak lantas membuat seseorang langsung meninggal saat itu juga.Â Secara ilmiah tidak ada hubungannya makan durian minum soda lalu meninggal.",Fakta,meski demikian minum minum soda telah konsumsi durian tidak lantas buat orang langsung tinggal saat itu juga cara ilmiah tidak ada hubung makan durian minum soda lalu tinggal
129,"Gaji guru kecil imbalannya surga kalau gitu gaji menteri dan pejabat besar imbalannya NERAKA, gimana anda setuju",Hoax,gaji guru kecil imbal surga kalau gitu gaji menteri dan jabat besar imbal neraka gimana anda tuju
130,"Ga usah ngasih tau guru2 untuk maklum. Kasih aja contoh: Anda kan sudah kaya raya, gaji Anda sbg pejabat tinggi bisa ngga disumbangkan seluruhnya utk mensejahterakan para guru, dan harta Anda yg sdh melimpah bs ngga disumbangkan utk mrk jg, dan Anda hidup sderhana sprti mrk?",Hoax,ga usah ngasih tau guru2 untuk maklum kasih aja contoh anda kan sudah kaya raya gaji anda sbg jabat tinggi bisa ngga sumbang seluruh utk sejahtera para guru dan harta anda yg sdh limpah bs ngga sumbang utk mrk jg dan anda hidup sderhana sprti mrk
131,"Kalo untuk guru"" imbalan surga, kalo untuk Tanoto dan Sampoerna 20 M cingcaelah. Hebat !!!",Hoax,kalo untuk guru imbal surga kalo untuk tanoto dan sampoerna 20 cingcaelah hebat
132,"Goblok pak wapres , DI REKTUR BUMN DI GAJI BESAR, GURU HONOR YG MENCEDASKAN KEHIDUPAN BANSA DI GAJI 300 RIBU SEBULAN, DI MANA RASA KEMANUSIAAN DAN DI MANA KEADILAN SOSIAL NYA, JADI WAJAR PANCASILA HANYA SEBAGAI UCAPAN
Cc : @BANGSAygSUJUD",Hoax,goblok pak wapres di rektur bumn di gaji besar guru honor yg mencedaskan hidup bansa di gaji 300 ribu bulan di mana rasa manusia dan di mana adil sosial nya jadi wajar pancasila hanya bagai ucap cc bangsaygsujud
133,Kalo PKS dan gerindra gabung bisa .. cukup PKS dan gerindra bisa ... yg diliat peneliti LIPI gelagat petinggi PKS yg mulai merapat ke Jokowi .. nah kalo cuma getindra yg calonin Presiden ga cukup PT,Hoax,kalo pks dan gerindra gabung bisa cukup pks dan gerindra bisa yg liat teliti lipi gelagat petinggi pks yg mulai rapat ke jokowi nah kalo cuma getindra yg calonin presiden ga cukup pt
134,"Yg ga paham emg langsung nyolot dok. Gini ya. Dulu pks diserang sm org dalem sendiri pake isu petinggi pks merapat ke jokowi, bukti foto MSI sdg silatrhmi. Mereka gagal kudeta pake isu itu, bikinlah gelora. Nah mereka sendiri skrg jg sama. Ga konsisten khan, mana isu yg dulu itu?",Hoax,yg ga paham emg langsung nyolot dok gin ya dulu pks serang sm org dalem sendiri pake isu petinggi pks rapat ke jokowi bukti foto msi sdg silatrhmi mereka gagal kudeta pake isu itu bikin gelora nah mereka sendiri skrg jg sama ga konsisten khan mana isu yg dulu itu
135,"Tilawah Sultan Erdogan, Shalat Jum'at Perdana Setelah 86 Tahun di Masjid Hagia Shopia",Hoax,tilawah sultan erdogan shalat jum at perdana telah 86 tahun di masjid hagia shopia
136,"Setelah heboh Klepon HARAM. Sekarang Muncul INDOMIE RASA B2. Tapi PT Indofood telah membantah menjual makanan NON HALAL tersebut.

Rentetan demi rentetan yang terjadi, seolah ada by Design yang ingin menguji kesabaran Umat Islam",Hoax,telah heboh klepon haram sekarang muncul indomie rasa b2 tapi pt indofood telah ban jual makan non halal sebut rentet demi rentet yang jadi olah ada by design yang ingin uji sabar umat islam
137,Di sana ada indomie rasa saksang babi nder,Hoax,di sana ada indomie rasa saksang babi nder
138,"Selain kegaduhan kue klepon tidak Islami, menyusul lagi kegaduhan lain yang memicu masyarakat setelah beredarnya foto Indomie rasa saksang babi khas Sumatera Utara yang terjadi sejak Senin malam (20/7/2020).",Fakta,selain gaduh kue klepon tidak islami susul lagi gaduh lain yang picu masyarakat telah edar foto indomie rasa saksang babi khas sumatera utara yang jadi sejak senin malam 20 7 2020
139,"dear indomie trima kasih tlah mnciptakan varian rasa indomie saksang babiğŸ¥ºâ¤ buat klian yg cangkeman babi haram babi haram, ngak usah dibeli kntol,,",Hoax,dear indomie trima kasih tlah mnciptakan varian rasa indomie saksang babi buat klian yg cangkeman babi haram babi haram ngak usah beli kntol
140,"Ahli Virologi Asal China Kabur ke Amerika Mengungkapkan, Virus Corona Dibuat di Laboratorium Militer.",Hoax,ahli virologi asal china kabur ke amerika ungkap virus corona buat di laboratorium militer
141,"Takut Dibunuh, Ahli Virus China Kabur ke AS: Saya Bersaksi Covid-19 Hasil Persekongkolan Jahat",Hoax,takut bunuh ahli virus china kabur ke as saya saksi covid 19 hasil sekongkol jahat
142,"Thermo Gun merusak otak !!!

Berita ini langsung membuat heboh masy disebabkan viralnya video perbincangan antara pakar kuis Helmy Yahya dgn pakar ekonomi Ichsanuddin Noor di medsos

""Krn Hand gun termometer itu utk memeriksa kabel panas, lasernya dipakai utk memeriksa",Hoax,thermo gun rusak otak berita ini langsung buat heboh masy sebab viralnya video bincang antara pakar kuis helmy yahya dgn pakar ekonomi ichsanuddin noor di medsos krn hand gun termometer itu utk periksa kabel panas laser pakai utk periksa
143,"Tadi ke rs. Pas lagi nunggu antrian, mencuri dengar bapak2 lg tlp blg ""jgn mau diukur termometer di kepala, di tangan aja, nanti bisa merusak jaringan otak"" Hmm. Oke. Korban grup wa bapak2.",Hoax,tadi ke rs pas lagi nunggu antri curi dengar bapak2 lg tlp blg jgn mau ukur termometer di kepala di tangan aja nanti bisa rusak jaring otak hmm oke korban grup wa bapak2
144,"Cara kerja thermo gun adalah memantulkan gelombang inframerah dari tubuh, penggunaan thermo gun di dahi sudah lulus uji keamanan sehingga penggunaannya tidak perlu dikhawatirkan.",Fakta,cara kerja thermo gun adalah pantul gelombang inframerah dari tubuh guna thermo gun di dahi sudah lulus uji aman sehingga guna tidak perlu khawatir
145,mamaku wa-an sm temennya dikasitau jgn mau di termometer gun karna bisa merusak organ di kepala/otak kita ğŸ™ƒ,Hoax,mama wa an sm temennya dikasitau jgn mau di termometer gun karna bisa rusak organ di kepala otak kita
146,"Informasi yang bilang termometer tembak bisa merusak jaringan otak itu cuma hoax.

Penggunaan thermo gun sudah sangat aman & cukup akurat dilakukan sebagai skrining awal gejala demam akibat Covid-19. ",Fakta,informasi yang bilang termometer tembak bisa rusak jaring otak itu cuma hoax guna thermo gun sudah sangat aman cukup akurat laku bagai skrining awal gejala demam akibat covid 19
147,Coba tu pasukan yang berseragam polisi diajak ngomong pake bahasa Indonesia. Mungkin saja mereka orang china.,Hoax,coba tu pasu yang seragam polisi ajak ngomong pake bahasa indonesia mungkin saja mereka orang china
148,"â€œDihapus dari Peta Daring, Palestina Kecam Google-Appleâ€. Seharusnya Google dan Apple Dengarkan Kritik&Kecaman Masyarakat Internasional, Krn Penghapusan Itu Bertentangan Dg Fakta Eksistensi Palestina Yg Diakui PBB Dll, Dan Legalisasi Hasil/Teror Israel",Hoax,hapus dari peta daring palestina kecam google apple harus google dan apple dengar kritik kecam masyarakat internasional krn hapus itu tentang dg fakta eksistensi palestina yg aku pbb dll dan legalisasi hasil teror israel
149,"Biadab
Palestina resmi dihapus dari google maps
Tidak hanya menghapus palestina, tetapi berita penghapusan juga tidak ada dipencarian.",Hoax,biadab palestina resmi hapus dari google maps tidak hanya hapus palestina tetapi berita hapus juga tidak ada cari
150,"Peta Palestina dihapus google map

Pertanyaan
1. PBB kemana, kok diam aja?
2. OKI bagaimana responnya?
3. Negri mayoritas muslim protes g'?

Saya katakan dunia sdg tidak baik-baik saja",Hoax,peta palestina hapus google map tanya 1 pbb mana kok diam aja 2 oki bagaimana responnya 3 negri mayoritas muslim protes saya kata dunia sdg tidak baik baik saja
151,"Haghia Sophia di ubah jd Mesjid kmbali,kalian protes skrng palestina dihapus Dr Google Maps dignti jd Israel kalian Diem Ironis nya bnyak muslim yg diam tp justru ikut protes saat erdogan mengubah status Haghia Sophia jd Mesjid 
Dsr kaum licik Dan munafuck",Hoax,haghia sophia di ubah jd mesjid kmbali kalian protes skrng palestina hapus dr google maps dignti jd israel kalian diem ironis nya bnyak muslim yg diam tp justru ikut protes saat erdogan ubah status haghia sophia jd mesjid dsr kaum licik dan munafuck
152,Orang terlalu sibuk bermain tik tok aplikasi yg tak ada guna sampai lupa Palestina sudah dihapus dari google maps ğŸ˜­,Hoax,orang terlalu sibuk main tik tok aplikasi yg tak ada guna sampai lupa palestina sudah hapus dari google maps
153,"#savepalestine 
Di Google maps Palestina udah dihapus, but you can't delete history of muslim in Palestine. 
Palestine selalu ada di dalam hati setiap muslim",Hoax,savepalestine di google maps palestina udah hapus but you can delete history of muslim in palestine palestine selalu ada di dalam hati tiap muslim
154,Model seragam baru ASN Khilafah?,Hoax,model seragam baru asn khilafah
155,Harusnya ASN ini dipecat dengan tidak hormat pak bos @tjahjo_kumolo jangan cuma konpres trus.,Hoax,harus asn ini pecat dengan tidak hormat pak bos tjahjo kumolo jangan cuma konpres trus
156,Mestinya kalo ga mau ikut aturan ya diselesaikan toh jgn dibiarkan. Sehingga benih benih perpecahan bisa dicegah dari sekarang. Bukannya masih banyak yg bersedia jadi ASN kenapa mempertahankan yng ngeyel2 gitu. Pak Tito @kemendagri piye iki pak?,Hoax,mesti kalo ga mau ikut atur ya selesai toh jgn biar sehingga benih benih pecah bisa cegah dari sekarang bukan masih banyak yg sedia jadi asn kenapa tahan yng ngeyel2 gitu pak tito kemendagri piye iki pak
157,"TERNYATA ADA JUGA KADAL YANG DITERIMA JADI ASN.
BENTUK SERAGAM DINASNYA MELANGGAR ATURAN/ SESUAI SELERANYA. 

KOK PIMPINANNYA TAK MENGGUBRIS ?
JANGAN SAMPAI BUDAYA KADRUN MENYUSUP KE ASN.",Hoax,nyata ada juga kadal yang terima jadi asn bentuk seragam dinas langgar atur sesuai selera kok pimpin tak gubris jangan sampai budaya kadrun susup ke asn
158,"Wow, Ternyata Pasta Gigi pun Bisa Deteksi Kehamilan Lho! ",Hoax,wow nyata pasta gigi pun bisa deteksi hamil lho
159,"â€œSeorang Pendukung Fanatik @jokowi meninggal dunia setelah berjalan +/-- 15 km dari kontrakannya di Desa Giriroto menuju kantor Kelurahan. Setelah di konfirmasi, alm. protes karena dirinya tercatat sbg warga sangat miskin, tetapi tdk kebagian Dana BLTâ€.Â ",Hoax,orang dukung fanatik jokowi tinggal dunia telah jalan 15 km dari kontra di desa giriroto tuju kantor lurah telah di konfirmasi alm protes karena diri catat sbg warga sangat miskin tetapi tdk bagi dana blt
160,"Bisa kah di percaya ??Untuk ngalihin isu, 
kadang pakai anjing, 
kadang pakai tikus, 
kadang pakai kucing garong, 
kadang pakai ayam2an. 

BIN Bantah Mengundang Hana Hanifah dan Bergoyang Tiktok https://t.co/ihSlhRGYc3

#RezimLIPPOProKomunis",Hoax,bisa kah di percaya untuk ngalihin isu kadang pakai anjing kadang pakai tikus kadang pakai kucing garong kadang pakai ayam2an bin bantah undang hana hanifah dan goyang tiktok https co ihslhrgyc3 rezimlippoprokomunis
161,"Emg logo gitu dijual bebas ya? & bs dipasang sembarangan? Itu kan logo Institusi negara, gk bs pasang sembarangan.
Klo boleh dijual bebas, Beli dmn ya?
Buat dipasang di pintu depan rumah we biar kliatan kerenğŸ˜",Hoax,emg logo gitu jual bebas ya bs pasang sembarang itu kan logo institusi negara gk bs pasang sembarang klo boleh jual bebas beli dmn ya buat pasang di pintu depan rumah we biar kliatan keren
162,"Mulai Sekarang Jualan Product apapun jangan ragu masuk ke Instansi Pemerintahan.
Nech Jualan KERANG pun sdh bebas masuk BIN ğŸ˜",Hoax,mulai sekarang jual product apa jangan ragu masuk ke instansi perintah nech jual kerang pun sdh bebas masuk bin
163,"Usut punya usut, klub tembak Velox Et Exactus Shooting Klub pernah bekerja sama dengan BIN dalam kejuaraan menembak International Practical Shooting Confederation (IPSC) Level II. Makanya kan nggak heran ada logo BIN di klub tersebut.",Fakta,usut punya usut klub tembak velox et exactus shooting klub pernah kerja sama dengan bin dalam juara tembak international practical shooting confederation ipsc level ii makanya kan nggak heran ada logo bin di klub sebut
164,"â€¢ Surat kabar Pesindo (organisasi PKI) dengan semboyan #KerjaKerjaKerja eh BEKERDJA, BEKERDJA, BEKERDJA

â€¢ Tahun 1953, PKI sebut ISLAM sebagai AGEN AGAMA ARAB 

#Islamophobia 
#LawanPKI ",Hoax,surat kabar pesindo organisasi pki dengan semboyan kerjakerjakerja eh bekerdja bekerdja bekerdja tahun 1953 pki sebut islam bagai agen agama arab islamophobia lawanpki
165,"- Taon 1953 PKI sebut islam sebagai AGEN AGAMA ARAB 

- Surat kabar Pesindo (Organ PKI) dengan semboyan 
BEKERDJA, BEKERDJA, BEKERJA.

Semuah terjadih saat inih dan di rezim inih,",Hoax,taon 1953 pki sebut islam bagai agen agama arab surat kabar pesindo organ pki dengan semboyan bekerdja bekerdja kerja semuah terjadih saat inih dan di rezim inih
166,"Gua vs si tito karnavian bangsat,china,komunis,antek aseng,dll",Hoax,gua vs si tito karnavian bangsat china komunis antek aseng dll
167,"Hmm...krn polri sdh menjadi milik cukong jadi sudah mulai bergerak nih, akan tercatat dalam sejarah negeri ini bahwa polisi jadi kacung komunis china di era tito karnavian...",Hoax,hmm krn polri sdh jadi milik cukong jadi sudah mulai gerak nih akan catat dalam sejarah negeri ini bahwa polisi jadi kacung komunis china di era tito karnavian
168,"Kenapa Gatot N tidak dilirik oleh JOKOWI untuk mengisi kabinet terakhirnya pada 2019 kemarin , justru @jokowi menarik Tito Karnavian sebagai Mendagri ,mungkin terlalu mengerihkan.sosok sekelas GN bagi pok Shanghai LBP yg bermitra dengan komunis China n Taipan",Hoax,kenapa gatot tidak lirik oleh jokowi untuk isi kabinet akhir pada 2019 kemarin justru jokowi tarik tito karnavian bagai mendagri mungkin terlalu kerih sosok kelas gn bagi pok shanghai lbp yg mitra dengan komunis china taipan
169,"ini cara""komunis,tito karnavian tidak layak diampuni",Hoax,ini cara komunis tito karnavian tidak layak ampun
170,"Jokowi adalah presiden terkelam dlm sejarah bangsa Indonesia Jim Rohn, motivator terbaik dunia,â€ bunyi narasi dalam gambar yang diunggah akun #FinBatantiarifin Facebook",Hoax,jokowi adalah presiden kelam dlm sejarah bangsa indonesia jim rohn motivator baik dunia bunyi narasi dalam gambar yang unggah akun finbatantiarifin facebook
171,Isu komunis yg brulah kadrun abal2 knpa pa jokowi dg pemerintahannya dg dpr ri yg dislahkan mau bubarkan ma pa 212 dg fpi ormas islam bkin demo brjlid2 dinkri apa gunanya mau atur pemerintah org brdagang aja diobrak abrik dagangannya jdi pngacau nkri krjanya knpagkdibubarkancoba,Hoax,isu komunis yg brulah kadrun abal2 knpa pa jokowi dg perintah dg dpr ri yg slah mau bubar ma pa 212 dg fpi ormas islam bkin demo brjlid2 dinkri apa guna mau atur perintah org brdagang aja diobrak abrik dagang jdi pngacau nkri krjanya knpagkdibubarkancoba
172,"Bubarkan FPI dan antek HTI ,serta penjarakan P212 berwajah kadrun itu pak Presiden karena mereka hanya bikin rusuh di Negara kita.",Hoax,bubar fpi dan antek hti serta penjara p212 wajah kadrun itu pak presiden karena mereka hanya bikin rusuh di negara kita
173,"KB TIDAK meningkatkan risiko terjadinya kista ovarium. KB hormonal seperti KB suntik malah MENURUNKAN risiko kista ovarium.

Please, untuk informasi medis ditanyakan ke dokter ya, bukan ke Facebook ğŸ˜Œ",Fakta,kb tidak tingkat risiko jadi kista ovarium kb hormonal seperti kb suntik malah turun risiko kista ovarium please untuk informasi medis tanya ke dokter ya bukan ke facebook
174,"#SEREM_YAAAAA_
DISANGKA_HAMIL_TERNYATA_KISTA 

Efek dari pengguna pil / suntik KB menjadikan haid 
Menjadi tidak teratur ...",Hoax,rem yaaaaa sangka hamil nyata kista efek dari guna pil suntik kb jadi haid jadi tidak atur
175,"Umumnya mmg tdk menstruasi,tp kalo bikin kista ga benar.",Fakta,umum mmg tdk menstruasi tp kalo bikin kista ga benar
176,Ahoker aja ga percaya apalagi oposisi. Jurus kepepet. Nadi bungkusnya krg,Hoax,ahoker aja ga percaya apalagi oposisi jurus pepet nadi bungkus krg
177,"@tvOneNews 
#menujuistana
Rois aam dah tinggi banget tuh baik pengetahuan agama dan moralnya.
Tapi knp bisa dioengaruhi Buni Yani yah? Malah iku jerumuskan Ahok ke penjara?
Sekarang Buni Yani menyesal krn disuruh dg niat jahat? ",Hoax,tvonenews menujuistana rois aam dah tinggi banget tuh baik tahu agama dan moral tapi knp bisa dioengaruhi buni yani yah malah iku jerumus ahok ke penjara sekarang buni yani sesal krn suruh dg niat jahat
178,"ahok jatuh karena apa?
coba tanya buni yani yg kbrnya telah menyesali perbuatanya telah mendzolimi ahok",Hoax,ahok jatuh karena apa coba tanya buni yani yg kbrnya telah sali perbuatanya telah mendzolimi ahok
179,skrng buni yani menyesal tp kata menyesal telat krn dia ada kasus tdk ada yg menolong sblm nya knp tdk memikirkan sebab akibatnya ..!!,Hoax,skrng buni yani sesal tp kata sesal telat krn dia ada kasus tdk ada yg tolong sblm nya knp tdk pikir sebab akibat
180,"Setelah kini buni Yani ditelantarkan oleh orang yg menyuruh mengedit video 

Dia menyampaikan permohonan maafnya kpd seluruh masyarakat atas perilaku yg salah besar sehingga membuat Ahok harus di sel selama 2 tahun

Saya sulit sekali memaafkan buni Yani",Hoax,telah kini buni yani telantar oleh orang yg suruh edit video dia sampai mohon maaf kpd seluruh masyarakat atas perilaku yg salah besar sehingga buat ahok harus di sel lama 2 tahun saya sulit sekali maaf buni yani
181,Doa Assyeikh Sudais imam besar Masjidil Haram Makkah al Mukarromah terhadap musibah virus corona yang melanda umat saat ini ....Mari kita Aamiin kan Doa bersama.....,Hoax,doa assyeikh suda imam besar masjidil haram makkah al mukarromah hadap musibah virus corona yang landa umat saat ini mari kita aamiin kan doa sama
182,"Doa Assyeikh Sudais Imam Besar Masjidil Haram Makkah terhadap musibah virus corona yang melanda umat saat ini, InshaAllah kita semua dilindungi Allah SWT..mari kita Aamiin kan doa bersama...ğŸ˜¢",Hoax,doa assyeikh suda imam besar masjidil haram makkah hadap musibah virus corona yang landa umat saat ini inshaallah kita semua lindung allah swt mari kita aamiin kan doa sama
183,Mari Kita Aamiinkan doa Assyeikh Imam Besar Masjidil Haram Makkah Terhadap Musibah Corona yg menimpa umat ,Hoax,mari kita aamiinkan doa assyeikh imam besar masjidil haram makkah hadap musibah corona yg timpa umat
184,"Mobil RI 2, milik Wakil Presiden Maâ€™ruf Amin kehabisan bensin. Sehingga mengisinya Bahan Bakar Minyak (BBM) eceran di pinggir jalan

kejadian Sukabumi, Jawa Barat pada Rabu (8/7) lalu

Tp itu mobil cadangan Wapres,tidak dinaiki sama Wapres

Gimana tuh sopirnya ?
Kok bisa ??",Hoax,mobil ri 2 milik wakil presiden ma ruf amin habis bensin sehingga isi bahan bakar minyak bbm ecer di pinggir jalan jadi sukabumi jawa barat pada rabu 8 7 lalu tp itu mobil cadang wapres tidak naik sama wapres gimana tuh sopir kok bisa
185,"Terkait beredarnya video mobil VVIP RI 2 mengisi bensin dr jeriken di pinggir jalan, penjelasan sbb:

1. Pengisian BBM dari jeriken dilakukan krn tdk adanya SPBU yg memiliki bahan bakar minyak (BBM) sesuai kriteria mobil VVIP dan bukan karena mobil tersebut kehabisan BBM.",Fakta,kait edar video mobil vvip ri 2 isi bensin dr jeriken di pinggir jalan jelas sbb 1 isi bbm dari jeriken laku krn tdk ada spbu yg milik bahan bakar minyak bbm sesuai kriteria mobil vvip dan bukan karena mobil sebut habis bbm
186,"Innalillahi wainnailaihi rojiun...

Benarkah Pendidikan Agama Islam & bahasa Arab dihapuskan dr kurikulum sekolah madrasah? 

Apa saat ini menteri agamanya impor dr China? Semoga rezim laknat ini segera berakhir",Hoax,innalillahi wainnailaihi rojiun benar didik agama islam bahasa arab hapus dr kurikulum sekolah madrasah apa saat ini menteri agama impor dr china moga rezim laknat ini segera akhir
187,"Muncul surat edaran kemenag yang di poin terakhir menyebutkan bahwa pelajaran PAI (Pendidikan Agama Islam) di Madrasah dihapuskan.

Kemudian di screenshot, lalu dijadiin status WhatsApp oleh 1 orang dengan imbuhan caption : mau jadi apa negara ini? Bener bener tanda kiamat, dsb.",Fakta,muncul surat edar kemenag yang di poin akhir sebut bahwa ajar pai didik agama islam di madrasah hapus kemudian di screenshot lalu dijadiin status whatsapp oleh 1 orang dengan imbuh caption mau jadi apa negara ini bener bener tanda kiamat dsb
188,"Kl ini benar dan mmg diperintahkan utk meniadakan pelajaran pendidikan agama islam dan bahasa arab di Madrasah Ibtidaiyah, Tsanawiyah dan Aliyah sekalian aja bubarkan ini sekolah diseluruh Indonesia..

Dan pertanyaannya ini menteri punya agama ngga sih?",Hoax,kl ini benar dan mmg perintah utk tiada ajar didik agama islam dan bahasa arab di madrasah ibtidaiyah tsanawiyah dan aliyah sekali aja bubar ini sekolah seluruh indonesia dan tanya ini menteri punya agama ngga sih
189,Hadeh ... Bagaimana mungkin Madrasah ngga ada Pendidikan Agama Islam & Bahasa Arab? Beda kurikulum saja.,Hoax,hadeh bagaimana mungkin madrasah ngga ada didik agama islam bahasa arab beda kurikulum saja
190,"Harus dijaga dan dipastikan betul memang, karena bagi kita tentu ini sangat mengejutkan dan tak dapat diterima jika di madrasah PAI dan bahasa Arab sampai ditiadakan. Jangan kecolongan pula seperti HIP dll. ",Hoax,harus jaga dan pasti betul memang karena bagi kita tentu ini sangat kejut dan tak dapat terima jika di madrasah pai dan bahasa arab sampai tiada jangan colong pula seperti hip dll
191,"Petugas Satpol PP Kota Makassar,bisa pakai sepeda merk 'Brompton Explore' asal Inggris yang dijual dikisaran harga menyentuh angka Rp. 100 juta . artinya luar biasa memang kesejahteraannya para petugas Satpol PP di Makassar ini..",Hoax,tugas satpol pp kota makassar bisa pakai sepeda merk brompton explore asal inggris yang jual kisar harga sentuh angka rp 100 juta arti luar biasa memang sejahtera para tugas satpol pp di makassar ini
192,"Gak masalah kalo memang dibutuhkan, Patwal aja banyak pake motor Harley, BMW gak masalah, sesuai kebutuhan, masa pake motor Bebek",Hoax,gak masalah kalo memang butuh patwal aja banyak pake motor harley bmw gak masalah sesuai butuh masa pake motor bebek
193,"Katanya negara Resesi, negara ngga bisa kasih bansos makanya disuruh new normal, tapi satpol PP pake sepeda brompton 100jutaan per orang ğŸ™„
Only in negara +62 prioritas gaje",Hoax,kata negara resesi negara ngga bisa kasih bansos makanya suruh new normal tapi satpol pp pake sepeda brompton 100jutaan per orang only in negara 62 prioritas gaje
194,Satpol PP di Makassar saja pakai Brompton.,Hoax,satpol pp di makassar saja pakai brompton
195,"mengapa bu Risma tetiba nangis dan sujud di depan IDI Surabaya? mungkin ini sebabnya
- Gejala depresi
- masalah kecemasan, cemas akan dibully
- masalah psikologis dan masalah neurologis
- masalah hormon

sebaiknya bu Risma jalan jalan ke luar kota utk rekreasi",Hoax,mengapa bu risma tetiba nang dan sujud di depan idi surabaya mungkin ini sebab gejala depresi masalah cemas cemas akan dibully masalah psikologis dan masalah neurologis masalah hormon baik bu risma jalan jalan ke luar kota utk rekreasi
196,"wkwkw...sebenarnya kalo baca beritanya baik2 sujudnya Risma tuh bukan krn dia ngaku gagal, justru sujud buat mohon ke IDI biar boleh gunain RS Soepomoe..

ini anak Amer udah rangkap jd buzzer anti-risma apa gimana??",Hoax,wkwkw benar kalo baca berita baik2 sujud risma tuh bukan krn dia ngaku gagal justru sujud buat mohon ke idi biar boleh gunain rs soepomoe ini anak amer udah rangkap jd buzzer anti risma apa gimana
197,"Aku bingung baca berita ini ğŸ˜…
Coba aku luruskan pervirusannya. Semoga tepat sasaran.

Dilaporkan ada pasien di Cina yg didiagnosa dengan Severe Fever with Thrombocytopenia Syndrome (SFTS) yg biasanya disebabkan oleh SFTS virus (SFTSV)... (1/3)",Fakta ,aku bingung baca berita ini coba aku lurus virus moga tepat sasar lapor ada pasien di cina yg didiagnosa dengan severe fever with thrombocytopenia syndrome sfts yg biasa sebab oleh sfts virus sftsv 1 3
198,"Virus #SFTS bukan virus baru.Â Cina telah mengisolasi patogen virus pada tahun 2011, dan itu termasuk dalam kategori virus Bunya.Â Ahli virologi percaya bahwa virus itu mungkin menular ke manusia melalui kutu, dan virus dapat ditularkan di antara manusia.",Fakta ,virus sfts bukan virus baru cina telah isolasi patogen virus pada tahun 2011 dan itu masuk dalam kategori virus bunya ahli virologi percaya bahwa virus itu mungkin tular ke manusia lalu kutu dan virus dapat tular di antara manusia
199,"Sempat2nya ada yang nyebarin info bahwa merokok itu akan mengusir corona ğŸ¤¦â€â™‚ï¸ padahal semakin terpolusi udara yang dihirup, makin rentan seseorang terinfeksi virus ini.

Gw kasih info. Tapi ini musti diteliti dulu. Dalam tembakau ada satu zat -sesquiterpene- yang potensial lawan ğŸ¦ ",Fakta ,sempat2nya ada yang nyebarin info bahwa rokok itu akan usir corona padahal makin polusi udara yang hirup makin rentan orang infeksi virus ini gw kasih info tapi ini musti teliti dulu dalam tembakau ada satu zat sesquiterpene yang potensial lawan
200,Bisa jadi sbb diperingati. Bahaya merokok tidak ada tulisan mudah terserang virus ....bisa jadi malah menangkap virus #ajarkobloksik,Hoax,bisa jadi sbb ingat bahaya rokok tidak ada tulis mudah serang virus bisa jadi malah tangkap virus ajarkobloksik
201,"Dari mana datangnya Cinta, dari mata turun kehati. Itu dulu mmg iya. Tapi skrg saling tatap tatapan bisa kenak Virus Corona lho. INGAT YAH.!

Begitu Dahsyatnya Virus Corona ini, bisa menular lewat mata.. Guess, Jagalah pandangan matamu. ğŸ˜¬",Hoax,dari mana datang cinta dari mata turun hati itu dulu mmg iya tapi skrg saling tatap tatap bisa nak virus corona lho ingat yah begitu dahsyat virus corona ini bisa tular lewat mata guess jaga pandang mata
202,"8. Nah buat yg suka lirik cewek atau cowok keren, atau tatapan mata saat di jalan, di dlm kereta atau bus, ngga usah kuatir Corona tak menular lewat tatapan mata #SemangatIndonesia",Fakta,8 nah buat yg suka lirik cewek atau cowok keren atau tatap mata saat di jalan di dlm kereta atau bus ngga usah kuatir corona tak tular lewat tatap mata semangatindonesia
203,"Di catat yaa do'i!

Bahwa sesungguhnya Corona itu tidak menular lewat tatapan mata, jadi mulai besok kita udah bisa tatap""an mata yaa! Sekian dari aku pacarmu ini. ",Fakta,di catat yaa do bahwa sungguh corona itu tidak tular lewat tatap mata jadi mulai besok kita udah bisa tatap an mata yaa sekian dari aku pacar ini
204,"Salah satu hoax #CoronaIndonesia yang banyak menyebar misal bahwa virus Corona akan mati di suhu 26-27 derajat dan caranya adalah berjemur di matahari. Sekilas ga ada risiko, tapi ternyata saya menemukan ada kabar unik disini..",Fakta,salah satu hoax coronaindonesia yang banyak sebar misal bahwa virus corona akan mati di suhu 26 27 derajat dan cara adalah jemur di matahari kilas ga ada risiko tapi nyata saya temu ada kabar unik sini
205,"Menurut ahli Virologi, virus mati oleh hembusan uap air + bayclin/cuka atau oleh asap bakaran tembakau. Jika semua ruang tertutup hembuskan uap air + bayclin (4:1) & matikan AC shg suhu ruang lbh 26 derajat Celcius, mk Virus mati termasuk Corona. Di desa2 asapi bakaran tembakau.",Hoax,turut ahli virologi virus mati oleh hembus uap air bayclin cuka atau oleh asap bakar tembakau jika semua ruang tutup hembus uap air bayclin 4 1 mati ac shg suhu ruang lbh 26 derajat celcius mk virus mati masuk corona di desa2 asap bakar tembakau
206,"Kawan-kawan di Bekasi dan di kota lainnya, sebisa mungkin kita hindari pusat keramaian untuk beberapa waktu ini ya. Inisiatif pribadi demi masyarakat rentan. Tidak ada penelitian spesifik yang menyebutkan Virus Corona mati di suhu 26-27 derajat celsius.",Hoax,kawan kawan di bekas dan di kota lain bisa mungkin kita hindar pusat ramai untuk beberapa waktu ini ya inisiatif pribadi demi masyarakat rentan tidak ada teliti spesifik yang sebut virus corona mati di suhu 26 27 derajat celsius
207,"Pemerintah gak sengaja pakai dana calon jemaah haji, kata si Mbah itu kan gak disengaja jadi gak berdosa. ğŸ¤£ğŸ¤£ğŸ¤£ 

""Tua Bangka Sarap""",Hoax ,perintah gak sengaja pakai dana calon jemaah haji kata si mbah itu kan gak sengaja jadi gak dosa tua bangka sarap
208,"Pemerintahan @jokowi terkena amnesia... Wapres : "" Pemerintah tidak sengaja pakai dana HAJI.",Hoax,perintah jokowi kena amnesia wapres perintah tidak sengaja pakai dana haji
209,"HOAX Jokowi pakai Rp38,5 triliun dana haji

Kepala BP-BPKH Anggito Abimanyu menyatakan seluruh dana jemaah haji dikelola secara profesional, syariah dan likuid",Fakta,hoax jokowi pakai rp38 5 triliun dana haji kepala bp bpkh anggito abimanyu nyata seluruh dana jemaah haji kelola cara profesional syariah dan likuid
210,Kalau pun di pakai penguat rupiah.toh mereka bakal bisa haji taun depan.klau mau di ambil juga butuh proses kisaran 2minguan kurang lbh bgtu.jadi dana haji ttp aman saya kira gk ada masalah.selama lembaga pemerintah yg berkaitan berkompeten mengelolah dana tsb. Jadi No probğŸ‘,Fakta,kalau pun di pakai kuat rupiah toh mereka bakal bisa haji taun depan klau mau di ambil juga butuh proses kisar 2minguan kurang lbh bgtu jadi dana haji ttp aman saya kira gk ada masalah lama lembaga perintah yg kait kompeten elo dana tsb jadi no prob
211,berarti haji di tunda bukan atas permintaan saudi tp pemerintah indo sendiri. manfaatin moment covid buat pakai dana haji.,Hoax,arti haji di tunda bukan atas minta saudi tp perintah indo sendiri manfaatin moment covid buat pakai dana haji
212,Lagi viral penyalahgunaan tisu basah sebagai pengganti masker. Semoga dihapus ya yang sudah tergantung posting. Cc: @waktuin @detikcom ,Fakta,lagi viral penyalahgunaan tisu basah bagai ganti masker moga hapus ya yang sudah gantung posting cc waktuin detikcom
213,"Jangan lakukan apa yg disarankan video ini. Ingredients di dalamnya ga compatible untuk dijadikan sebagai masker, dihirup terus menerus. It's hazardous for inhalation. Antiseptic wipes bukan masker! Delete your video now",Fakta,jangan laku apa yg saran video ini ingredients di dalam ga compatible untuk jadi bagai masker hirup terus terus it hazardous for inhalation antiseptic wipes bukan masker delete your video now
214,"Menahan diri untuk tidak ikut2an menyebar informasi yg bisa berujung misinformasi/disinformasi.

Contohnya : Tisu basah jadi pengganti masker dll

Sangking terbukanyaa informasi di internet bnyak informasi diluar sana berujung hoax.

Jngn ikut2an menyebar kepanikan ya ~",Fakta,tahan diri untuk tidak ikut2an sebar informasi yg bisa ujung misinformasi disinformasi contoh tisu basah jadi ganti masker dll sangking terbukanyaa informasi di internet bnyak informasi luar sana ujung hoax jngn ikut2an sebar panik ya
215,Tisu basah bisa jadi alternatif masker darurat.. ,Hoax,tisu basah bisa jadi alternatif masker darurat
216,Tenang sekarang tisu basah bisa jadi masker ko mba,Hoax,tenang sekarang tisu basah bisa jadi masker ko mba
217,"Dapat dari WAGğŸ˜±ğŸ˜±
Telah di temukan mayat di depan skolah SMP N 6 Cirebon dia adalah perempuan siswi SMPN 6 kls 7 yg jadi korbannya juga menurut polisi korban di Ambil Ginjalnya lalu di kubur begitu saja oleh si pembunuh, ",Hoax,dapat dari wag telah di temu mayat di depan skolah smp 6 cirebon dia adalah perempuan siswi smpn 6 kls 7 yg jadi korban juga turut polisi korban di ambil ginjal lalu di kubur begitu saja oleh si bunuh
218,"Hoax, ini di smpn 6 kota tasikmalaya, dan organ tubuh utuh gk ada organ tubuh yg hilang",Fakta,hoax ini di smpn 6 kota tasikmalaya dan organ tubuh utuh gk ada organ tubuh yg hilang
219,Partikel #emas akan menembus kulit dan masuk pembuluh darah yg dalam prosentase tertentu akan menyebabkan penyakit,Hoax,partikel emas akan tembus kulit dan masuk buluh darah yg dalam prosentase tentu akan sebab sakit
220,"PARTIKEL EMAS PERHIASAN MENEMBUS KULIT BAYI? ğŸ˜±
-----------------------------
Katanya sih istilahnya ""Migrasi Emas"" yaitu peristiwa menyatunya partikel emas ke dalam kulit bayi yang menimbulkan mual dan penyakitâ€¦ ",Hoax,partikel emas hias tembus kulit bayi kata sih istilah migrasi emas yaitu peristiwa satu partikel emas ke dalam kulit bayi yang timbul mual dan sakit
221,"Masih ingat dengan kasus kebocoran data @tokopedia? Kabar buruknya, data itu sekarang sudah disebar dan dapat diunduh gratis.",Fakta,masih ingat dengan kasus bocor data tokopedia kabar buruk data itu sekarang sudah sebar dan dapat unduh gratis
222,"Lagi dan lagi terjadi kebocoran data Tokopedia. Setelah bulan Mei kemarin, skrg terjadi lagi. 

Mengapa ini kembali terjadi?

1. Keamanan data di Tokopedia memang payah dan tidak diperkuat paska kebocoran Mei lalu.
2. Tidak ada rezim pelindungan data pribadi yg kuat di Indonesia",Fakta,lagi dan lagi jadi bocor data tokopedia telah bulan mei kemarin skrg jadi lagi mengapa ini kembali jadi 1 aman data di tokopedia memang payah dan tidak kuat paska bocor mei lalu 2 tidak ada rezim lindung data pribadi yg kuat di indonesia
223,jadi sebenernya agama ortodok itu bukan agama baru atau bahkan agama yg meniru agama islam.,Fakta,jadi sebenernya agama ortodok itu bukan agama baru atau bahkan agama yg tiru agama islam
224,"MENGERIKAN. AGAMA BARU yang MENIRU ISLAM. HARUS BACA""

Bukan cuma sekali, aku lihat itu video ",Hoax,keri agama baru yang tiru islam harus baca bukan cuma sekali aku lihat itu video
225,"Ini di TL banyak yg bilang Kristen Ortodox Syria adalah Agama baru yg meniru Islam. Duh,coba baca dulu sejarahnya,daripada kelihatan Begonya",Fakta,ini di tl banyak yg bilang kristen ortodox syria adalah agama baru yg tiru islam duh coba baca dulu sejarah daripada lihat bego
226,"Menakutkan...
Tengok video ó¾®™....
. Agama baru yg meniru Islam !!Ya Allah.. .Agama baru kristian ortodok dr syria..",Hoax,takut tengok video agama baru yg tiru islam ya allah agama baru kristian ortodok dr syria
227,Pantesaaaan di kota Tembilahan kmrin slalu puanaaaaaas ternyata lgi mo badai Equinox ğŸ˜ğŸ˜,Hoax,pantesaaaan di kota tembilahan kmrin slalu puanaaaaaas nyata lgi mo badai equinox
228,"Bantah Isu Badai Panas Saat Fenomena Equinox, BMKG: Suhu Indonesia Normal",Fakta,bantah isu badai panas saat fenomena equinox bmkg suhu indonesia normal
229,BMKG Pastikan Isu Badai Panas Equinox Hoa,Fakta,bmkg pasti isu badai panas equinox hoa
230,"Katanya badai equinox, menurut broadcast di WAG. Panas banget si engga, cuma keringetan mulu kita sih.",Hoax,kata badai equinox turut broadcast di wag panas banget si engga cuma keringetan mulu kita sih
231,"Hari gini masih percaya HOAKS vaksin sebabkan autis?

Hellowww, kemana aja sih? 

Tahun 2015, Kemenkes telah mengklarifikasi bhw thimerosal dalam vaksin tidak berhubungan dg timbulnya autisme.",Fakta,hari gin masih percaya hoaks vaksin sebab autis hellowww mana aja sih tahun 2015 kemenkes telah klarifikasi bhw thimerosal dalam vaksin tidak hubung dg timbul autisme
232,"Apakah betul vaksin MMR menyebabkan autisme? Tidak terbukti. Namun tanda2 autis dapat terlihat di usia 2-3 th, dimana saat itu adalah jadwal anak mendapat suntikan MMR. Sehingga, vaksin tersebut sering dikaitkan dan jd kambing hitam penyebab autisme.",Fakta,apakah betul vaksin mmr sebab autisme tidak bukti namun tanda2 autis dapat lihat di usia 2 3 th mana saat itu adalah jadwal anak dapat sunti mmr sehingga vaksin sebut sering kait dan jd kambing hitam sebab autisme
233,"Intinya vaksin bukan penyebab autis pada anak, ingat ya ibu-ibu hehe :) ",Fakta,inti vaksin bukan sebab autis pada anak ingat ya ibu ibu hehe
234,"Copas dr tetangga.... Assalamualaikum wr wb..utk semua ""Vaksin Penyebab AUTIS""",Hoax,copas dr tetangga assalamualaikum wr wb utk semua vaksin sebab autis
235,"Guru mau diimpor juga?? 
Hellowww.. sarjana pendidikan msh banyak yg nganggur btw.. Pleasee.. Jgn impor dong..",Hoax,guru mau impor juga hellowww sarjana didik msh banyak yg nganggur btw pleasee jgn impor dong
236,"Jangan salahin Jan Ethes karena dia pakek barang impor. Kita juga memakai barang impor, kita nge-tweet pakek hp impor. Semua serba impor, dari bawang, gula, garam, beras sampai guru juga mau diimpor (wacana). Saya do'akan kita juga bisa impor President.
#JanEthesSukaBarangImpor",Hoax,jangan salahin jan ethes karena dia pakek barang impor kita juga pakai barang impor kita nge tweet pakek hp impor semua serba impor dari bawang gula garam beras sampai guru juga mau impor wacana saya do akan kita juga bisa impor president janethessukabarangimpor
237,"mengimpor dalam artian mendatangkan guru secara masif dari luar negeri untuk mengajar di Indonesia, tetapi mendatangkan pelatih atau instruktur dari luar negeri untuk melatih guru-guru di Indonesia, khususnya pada jenjang SMK dan Balai Latihan Kerja (BLK).",Fakta,impor dalam arti datang guru cara masif dari luar negeri untuk ajar di indonesia tetapi datang latih atau instruktur dari luar negeri untuk latih guru guru di indonesia khusus pada jenjang smk dan balai latih kerja blk
238,"Menurut saya, khusus untuk guru SMK produktif perlu didatangkan instruktur dari luar negeri. Kelemahan mendasar dari guru produktif tidak hanya pada kompetensi teknis tetapi juga pada bagaimana melatih dan mengases kompetensi",Fakta,turut saya khusus untuk guru smk produktif perlu datang instruktur dari luar negeri lemah dasar dari guru produktif tidak hanya pada kompetensi teknis tetapi juga pada bagaimana latih dan mengases kompetensi
239,"Guru dalam negeri tidak dipercaya, akan mendatangkan guru dari luar negeri.
Sekarang kemenristekdikti berencana mendatangkan rektor asing. ğŸ˜ª",Hoax,guru dalam negeri tidak percaya akan datang guru dari luar negeri sekarang kemenristekdikti rencana datang rektor asing
240,"Beras, gula, garam dan banyak juga komoditi asli indonesia diimpor, malah sekarang Pyan Maharani mau IMPOR GURU ASING,,,
Lalu guruguru kita sebaiknya di Expor kemana ya? Ini PEMERINTAH atau LSM abalabal?",Hoax,beras gula garam dan banyak juga komoditi asli indonesia impor malah sekarang pyan maharani mau impor guru asing lalu guruguru kita baik di expor mana ya ini perintah atau lsm abalabal
241,"Tanda2 hegemoni RIBA akan segera hancur..?

Kemarin Bukopin gagal bayar deposito nasabah,
Blm lama BCA pun demikian,
Berlanjut berita hari ini pun ga kalah ngeri..ğŸ˜¨

PHK besar-besaran BCA segera terjadi, Teller & CS akan dihilangkan seluruh indonesia.",Hoax,tanda2 hegemoni riba akan segera hancur kemarin bukopin gagal bayar deposito nasabah blm lama bca pun demikian lanjut berita hari ini pun ga kalah ngeri phk besar besar bca segera jadi teller cs akan hilang seluruh indonesia
242,"Sanggahan #1 

[HOAX] Tes Sederhana Untuk Mengenal Virus Corona Hanya Dalam Sepuluh Detik. ",Fakta,sanggah 1 hoax tes sederhana untuk kenal virus corona hanya dalam puluh detik
243,"Tes sederhana untuk mengenal Virus Corona hanya dalam sepuluh detik tanpa urusan ke Dokter atau Laboratorium, yang belum diketahui siapa pun!",Hoax,tes sederhana untuk kenal virus corona hanya dalam puluh detik tanpa urus ke dokter atau laboratorium yang belum tahu siapa pun
244,"Tes sederhana mengenal Corona dalam sepuluh detik dark Dokter Jepang: Ambil napas dalam"" & tahan napas lebih dari 10 detik,jika berhasil mengeluarkan napas tanpa batuk,tidak nyaman,lelah,kaku di dada,bukti bahwa tidak ada fibrosis di paru-paru ygmenunjukkan bahwa tidak ada virus!",Hoax,tes sederhana kenal corona dalam puluh detik dark dokter jepang ambil napas dalam tahan napas lebih dari 10 detik jika hasil keluar napas tanpa batuk tidak nyaman lelah kaku di dada bukti bahwa tidak ada fibrosis di paru paru ygmenunjukkan bahwa tidak ada virus
245,"Prof. waktu Masjid Tolikara Papua dibakar, dan pembakarnya (justru) diundang dan dijamu di Istana. Kenapa pelakunya tdk distigma sbg pelaku yg radikal?

Tp jika berkorelasi dgn umat Islam, aktivis dakwah, dan bersifat kearaban kok spt berbeda.",Hoax,prof waktu masjid tolikara papua bakar dan bakar justru undang dan jamu di istana kenapa laku tdk stigma sbg laku yg radikal tp jika korelasi dgn umat islam aktivis dakwah dan sifat arab kok spt beda
246,"Masjid dibakar di Papua, pelakunya diundang ke istana. Pas ada musibah di Papua, partai mana yg kerja? Yap, partai Islam. Makanya, gak perlu nge-JIL kalo mo jd rahmatan lil 'alamin. Apalagi mo konser 18M pake alasan kebangsaan segala",Hoax,masjid bakar di papua laku undang ke istana pas ada musibah di papua partai mana yg kerja yap partai islam makanya gak perlu nge jil kalo mo jd rahmat lil alamin apalagi mo konser 18m pake alas bangsa segala
247,Politisi Partai Solidaritas Indonesia Dedek Prayudi atau Uki mengingatkan untuk hati-hati dalam bersikap setelah beredarnya hoaks terkait masjid yang dibakar diÂ Papua.,Fakta,politis partai solidaritas indonesia dedek prayudi atau uki ingat untuk hati hati dalam sikap telah edar hoaks kait masjid yang bakar di papua
248,"Baca yg banyak mas. Diskusi. Serap informasi. Info tambahan nih, di Tolikara Papua, masjid dibakar krn ada provokasi. Petinggi organisasi yg menaungi warga yg terprovokasi membakar masjid itu yg malah diundang ke istana, bukan pengurus masjid yg terbakar itu.",Hoax,baca yg banyak mas diskusi serap informasi info tambah nih di tolikara papua masjid bakar krn ada provokasi petinggi organisasi yg taung warga yg provokasi bakar masjid itu yg malah undang ke istana bukan urus masjid yg bakar itu
249,"Kejadian 29 Januari 2019 lalu, kebakaran Masjid Agung Belopa Luwu, di Kelurahan Senga, Kecamatan Belopa, Kabupaten Luwu, Sulawesi Selatan.

Kebakaran terjadi sekitar pukul 10.55 Wita, saat para pekerja melakukan renovasi pada bagian plafon masjid. Stop hoaks untuk provokasi!",Fakta,jadi 29 januari 2019 lalu bakar masjid agung belopa luwu di lurah senga camat belopa kabupaten luwu sulawesi selatan bakar jadi sekitar pukul 10 55 wita saat para kerja laku renovasi pada bagi plafon masjid stop hoaks untuk provokasi
250,"Berbagi ya sahabat ?? hati2 minum air mineral ada Yg mengandung besi, yg aman hanya ada 4 macam, 1 afidis, 2 cleo, 3 equil, 4 fiji...Wallahu aâ€™lam ğŸ™ğŸ»",Hoax,bagi ya sahabat hati2 minum air mineral ada yg kandung besi yg aman hanya ada 4 macam 1 afidis 2 cleo 3 equil 4 fiji wallahu lam
251,"Ma'af setiap industri amdk yg udah bersetifikat sni&bpom,ada aturan tentang kandungan fisika,kimia dan biologinya,semua katagori Air mineral bila di elektrolisasi akan terjadi gumpalan/kotoran.Air deminerql akan sulit terjadi gumpalan kotoran karena unsur mineral dihilangkan.",Fakta,ma af tiap industri amdk yg udah bersetifikat sni bpom ada atur tentang kandung fisika kimia dan biologi semua katagori air mineral bila di elektrolisasi akan jadi gumpal kotor air deminerql akan sulit jadi gumpal kotor karena unsur mineral hilang
252,"Air mineral, ternyata mengandung besi. ",Hoax,air mineral nyata kandung besi
253,"Oh ini video yg viral di grup WA keluarga gue.
FYI, namanya air mineral pasti ada mineralnya. Tubuh kita ini butuh mineral untuk menggantikan ion ion tubuh yang hilang setelah beraktifitas. Coba dong pake Spektrofotometri biar tau masing2 kadar mineralnya. Jgn kyk gini caranya.",Fakta,oh ini video yg viral di grup wa keluarga gue fyi nama air mineral pasti ada mineral tubuh kita ini butuh mineral untuk ganti ion ion tubuh yang hilang telah beraktifitas coba dong pake spektrofotometri biar tau masing2 kadar mineral jgn kyk gin cara
254,"Matahari Kembar?!
Di perbatasan AS - Kanada karena bumi mengubah porosnya terjadi fenomena ""Lunar Hunter"", matahari n bulan terbit pd saat yg sama, n bulan memantulkan sinar mentari dg kuat.",Hoax,matahari kembar di batas as kanada karena bumi ubah poros jadi fenomena lunar hunter matahari bulan terbit pd saat yg sama bulan pantul sinar mentari dg kuat
255,"Hari ini,dua matahari muncul di perbatasan antara Amerika Serikat dan Kanada, satu matahari asli dan yang lainnya adalah bulan.
Fenomena ini disebut ""Lunar Hunter"" dan hanya terjadi ketika bumi mengubah porosnya. Bulan dan matahari lahir pada saat yang bersamaan. ",Hoax,hari ini dua matahari muncul di batas antara amerika serikat dan kanada satu matahari asli dan yang lain adalah bulan fenomena ini sebut lunar hunter dan hanya jadi ketika bumi ubah poros bulan dan matahari lahir pada saat yang sama
256,"Subhanalloh 

Begitu indah ciptaan-Nya 

ğŸ™ğŸ¼

Fenomena ini disebut ""Lunar Hunter"" dan hanya terjadi ketika bumi mengubah porosnya. Bulan dan matahari lahir pada saat yang bersamaan, dan bulan memantulkan sinar matahari dengan intensitas yang kuat ",Hoax,subhanalloh begitu indah cipta nya fenomena ini sebut lunar hunter dan hanya jadi ketika bumi ubah poros bulan dan matahari lahir pada saat yang sama dan bulan pantul sinar matahari dengan intensitas yang kuat
257,"Simak video ini...
â€œkisah seorang remaja yang terkena tiktok syndrome,â€Â 

Ia mengaku awalnya bermain TikTok hanya untuk bersenang-senang saja, namun akhir-akhir ini merasa adanya yang aneh pada dirinya.
Ia mengaku tidak bisa mengontrol tubuh",Hoax,simak video ini kisah orang remaja yang kena tiktok syndrome ia aku awal main tiktok hanya untuk senang senang saja namun akhir akhir ini rasa ada yang aneh pada diri ia aku tidak bisa kontrol tubuh
258,"Kemaren"" sempet viral kan ya remaja tiktok syndrome. Fyi, ini cuma komedi jadi ngga beneran syndrome ya",Fakta,kemaren sempet viral kan ya remaja tiktok syndrome fyi ini cuma komedi jadi ngga beneran syndrome ya
259,"DEMI TKA CHINA KALIAN TERIMA SOGOKAN UNTUK PECAT
KAPTEN RUSLAN BUTON...
Akal sehat kalian dimana.
Dasar penghianat #BangsatBangsa

Ini bukti ğŸ‘‡

Kuasa Hukum Ruslan Angkat Bicara: Dia Dipecat dari TNI Karena Dia Tolak TKA China Masuk ke Maluku",Hoax,demi tka china kalian terima sogo untuk pecat kapten ruslan buton akal sehat kalian mana dasar penghianat bangsatbangsa ini bukti kuasa hukum ruslan angkat bicara dia pecat dari tni karena dia tolak tka china masuk ke malu
260,"Anda tahu artinya apa? Brita ini. TNI ada antek china. 
Dimaluku tuk bangun PLTU hmpir meresap TKA china plhn rb loh. ",Hoax,anda tahu arti apa brita ini tni ada antek china malu tuk bangun pltu hmpir resap tka china plhn rb loh
261,Klaim yg menyebut bahwa Ruslan Buton dipecat dari TNI krn menolak TKA China masuk Maluku ternyata TIDAK BENAR !! ,Fakta,klaim yg sebut bahwa ruslan buton pecat dari tni krn tolak tka china masuk malu nyata tidak benar
262,"Lo kenapa tuh ikannya di Bali pada mati ke pinggir pantai?
@BNPB_Indonesia",Hoax,lo kenapa tuh ikan di bal pada mati ke pinggir pantai bnpb indonesia
263,"Ayo dong berhati2 dan teiliti sebelum mengunggah sesuatu di medsos, sudah lumayan jelas platnya bukan plat Indonesia, bahasanya pun bukan bahasa Indonesia.",Fakta,ayo dong berhati2 dan teiliti belum unggah sesuatu di medsos sudah lumayan jelas platnya bukan plat indonesia bahasa pun bukan bahasa indonesia
264,"Ibadah Haji 2020 batal dilaksanakan karena Pemerintah Arab Saudi masih belum membuka akses. 
Dan ternyata sudah ada beberapa kali peristiwa yg membuat Ibadah Haji tidak bisa dilaksanakan.
Buat yg teriak menyalahkan pemerintah monggo dibaca..biar gk ambyar",Fakta,ibadah haji 2020 batal laksana karena perintah arab saudi masih belum buka akses dan nyata sudah ada beberapa kali peristiwa yg buat ibadah haji tidak bisa laksana buat yg teriak salah perintah monggo baca biar gk ambyar
265,Lagi minumğŸ˜‚ sampe keselek baca permainan kata-kata rezim panik ini wekekek. duhhh tuhan !! kapan klean semua yang nge-Prank soal pembatalan keberangkatan Ibadah Haji 2020 dicekik serentak oleh malaikat pencabut nyawa ğŸ˜Š,Hoax,lagi minum sampe keselek baca main kata kata rezim panik ini wekekek duhhh tuhan kapan klean semua yang nge prank soal batal berangkat ibadah haji 2020 cekik serentak oleh malaikat cabut nyawa
266,"Katanya New Normal kok Haji tetap batal.

Ternyata Modus asas manfaat.",Hoax,kata new normal kok haji tetap batal nyata modus asas manfaat
267,"Ibu walikota Surabaya Pingsan saat Memimpin Rapat dgn Komite Sekolah SMP, sementara itu Juga Ibu Bupati Luwu Utara Sulsel Jatuh dari motor Trail nya Saat Membagikan Bansos di Pedalaman, Kecantikan nya Ibu Bupati Luwu Utara Jangan dibandingkan dengan ibu Walkot Surabaya ya? ",Hoax,ibu walikota surabaya pingsan saat pimpin rapat dgn komite sekolah smp sementara itu juga ibu bupati luwu utara sulsel jatuh dari motor trail nya saat bagi bansos di dalam cantik nya ibu bupati luwu utara jangan banding dengan ibu walkot surabaya ya
268,elo memang ga konsisten drun...yang nolak asas tunggal pancasila itu dari gerombolan elo preeetss...!!!,Hoax,elo memang ga konsisten drun yang nolak asas tunggal pancasila itu dari gerombol elo preeetss
269,Di alenia terakhir ini yg harus di perjelas oleh @hnurwahid karena jangan sampai menjadi benalu di bangsa ini,Fakta,di alenia akhir ini yg harus di jelas oleh hnurwahid karena jangan sampai jadi benalu di bangsa ini
270,Apa tujuan PKS menggunakan asas lain selain Pancasila.? Jika PKS menolak berdasarkan Pancasila selayaknya PKS dibubarkan saja,Hoax,apa tuju pks guna asas lain selain pancasila jika pks tolak dasar pancasila layak pks bubar saja
271,"Wah dibuatin patung lilin lho oleh Madame Tussauds Hongkong.
Pak Anies bilang beliau ingin ada senyum dibibirnya. ğŸ˜ğŸ˜",Hoax,wah dibuatin patung lilin lho oleh madame tussauds hongkong pak anies bilang beliau ingin ada senyum bibir
272,"Katanya patung lilin Anies Basw-edaaan yang mau dijadiin ogoh ogoh, jejeran sama patung Sandiag-oooUnoooh",Hoax,kata patung lilin anies basw edaaan yang mau dijadiin ogoh ogoh jejer sama patung sandiag ooounoooh
273,"Akhirnya dunia mengakui Anies... 
Anies akan dibuatkan patung lilin",Hoax,akhir dunia aku anies anies akan buat patung lilin
274,"Memakai masker tdk akan menyebabkan hipoksia dan hiperkapnia. Ini hoax yg sesat. Aduh sudah juni, masa harus perang lawan hoax lagi?

Masker itu karakternya berpori, sedangkan masker kain lebih banyak pori shgg memungkinan pernapasan terjadi normal. So, gak ujug2 hipoksia. Ngaco",Fakta,pakai masker tdk akan sebab hipoksia dan hiperkapnia ini hoax yg sesat aduh sudah juni masa harus perang lawan hoax lagi masker itu karakter pori sedang masker kain lebih banyak pori shgg mungkin napas jadi normal so gak ujug2 hipoksia ngaco
275,Lebih sehat tanpa masker bisa leluasa menghirup udara segar....masker penyebab hipoksia,Hoax,lebih sehat tanpa masker bisa leluasa hirup udara segar masker sebab hipoksia
276,"Nah sekarang sudah tau ya bahwa penggunaan masker kain dalam waktu yang lama TIDAK TERBUKTI menyebabkan kekurangan oksigen (hipoksia)

Yuk tetap disiplin pakai masker & cuci maskernya secara rutin ya",Fakta,nah sekarang sudah tau ya bahwa guna masker kain dalam waktu yang lama tidak bukti sebab kurang oksigen hipoksia yuk tetap disiplin pakai masker cuci masker cara rutin ya
277,Adminnya baca soal ini dari mana? Aku butuh pencerahan. Abis googling dapet 2 berita ini.,Fakta,adminnya baca soal ini dari mana aku butuh cerah abis googling dapet 2 berita ini
278,"Sebetulnya erupsi yg terjadi belakangan ini di #Merapi & masih tingginya curah hujan di sekitar merapi juga berkah, krn merupakan desinfectan alami dari alam. hujan asam juga bermanfaat untuk desinfectan melawan #corona #covid19 krn asam akan merusak lapisan prootein pada virus ",Hoaks,betul erupsi yg jadi belakang ini di rapi masih tinggi curah hujan di sekitar rapi juga berkah krn rupa desinfectan alami dari alam hujan asam juga manfaat untuk desinfectan lawan corona covid19 krn asam akan rusak lapis prootein pada virus
279,"Secara teknis abu merapi di wilayah Kab. Magelang (Salam, Muntilan dan Mungkid) menghilangkan virus Corona karena warga malas keluar rumah karena panas dan abu vulkanik. 

Gusti Alloh memberikan obat secara mujarab.",Hoaks,cara teknis abu rapi di wilayah kab magelang salam muntilan dan mungkid hilang virus corona karena warga malas keluar rumah karena panas dan abu vulkanik gusti alloh beri obat cara mujarab
280,"Betul banget, secara logika abu vulkanik bisa menjadi desinfektan alami. Virus Corona bisa hancur dengan desinfektan kan? ",Hoaks,betul banget cara logika abu vulkanik bisa jadi desinfektan alami virus corona bisa hancur dengan desinfektan kan
281,"@fadlizon mengatakan mas @aniesbaswedan duta germo

[Cek Fakta] DKI Segera Buka Panti Pijat, Fadli Zon Bilang Anies Duta Ge**o? Ini Faktanya",Hoaks,fadlizon kata mas aniesbaswedan duta germo cek fakta dki segera buka panti pijat fadli zon bilang anies duta ge ini fakta
282,Anies buka Dikotik dan Panti Pijat di bilang Duta Germo ya wajar sih ndak usah bilang Tega Tegaan kan untuk menyuplai dana Segar bagi Partai Pengusungnya Dana dari Mana?????? Paling cepat ya itu Buka Panti Pijat dan Diskotik dengan alasan yang Klise Penambahan PAD Daerah Korupsi,Hoaks,anies buka dikotik dan panti pijat di bilang duta germo ya wajar sih ndak usah bilang tega tega kan untuk suplai dana segar bagi partai usung dana dari mana paling cepat ya itu buka panti pijat dan diskotik dengan alas yang klise tambah pad daerah korupsi
283,"Menurut cerita keponakan yg biasa menunggu kakek Jahrani, ia sedang keluar karena ada keluarga yang meninggal. Setelah ditinggal Kakek Jahrani merangkak keluar rumah sambil mulutnya ada kapuk, tidak benar itu kalo makan kapuk.",Fakta,turut cerita keponakan yg biasa tunggu kakek jahrani ia sedang keluar karena ada keluarga yang tinggal telah tinggal kakek jahrani rangkak keluar rumah sambil mulut ada kapuk tidak benar itu kalo makan kapuk
284,"2. Oke, kita mulai dari kasus tentang kakek Jahrani yang sempat diisukan tidak mendapat asupan makanan yang cukup sampai harus makan kapuk dari bantalnya. 

Bener nggak sih kasus itu ? Lalu gimanasi respon dan tindakan apa yang dilakukan pemerintah ?",Fakta,2 oke kita mulai dari kasus tentang kakek jahrani yang sempat isu tidak dapat asupan makan yang cukup sampai harus makan kapuk dari bantal bener nggak sih kasus itu lalu gimanasi respon dan tindak apa yang laku perintah
285,"Guys, boleh minta tolong RT thread aku ga, tentang kakek yang makan kapuk? Kalau berminat bisa reply nanti aku dm. Kalau aku taro tweetnya takut pelanggaran, tapi butuh juga diRt. Terimakasih",Hoaks,guys boleh minta tolong rt thread aku ga tentang kakek yang makan kapuk kalau minat bisa reply nanti aku dm kalau aku taro tweetnya takut langgar tapi butuh juga dirt terimakasih
286,"Ada yang bermain kah? lihat saja polanya dan siapa yang memainkannya, kek kasus kemarin rame juga di FB, kakek dari serang, Jahrani namanya, makan kapuk bantal bosss ... karena ga makan dan dikasi tambahan, tidak mendapat bantuan dari pemerintah!!!!!",Hoaks,ada yang main kah lihat saja pola dan siapa yang main kek kasus kemarin rame juga di fb kakek dari serang jahrani nama makan kapuk bantal bosss karena ga makan dan kasi tambah tidak dapat bantu dari perintah
287,"Pada jam 9 pagi kemarin, jembatan Wuhan Wuchang Heping Avenue tiba-tiba runtuh.

Dan korban saat ini belum jelas",Hoaks,pada jam 9 pagi kemarin jembatan wuhan wuchang heping avenue tiba tiba runtuh dan korban saat ini belum jelas
288,"Seluruh rakyat indonesia sudah mulai membuat perlawanan, bersatu tumbangkan rezim ini dan tangkap partai pendukungnya!!! Merdeka!!! ",Hoaks,seluruh rakyat indonesia sudah mulai buat lawan satu tumbang rezim ini dan tangkap partai dukung merdeka
289,"Presiden @jokowi Sudah layak utk dimakzulkan, jgn sampai masyarakat turun ke jalan menumbangkan keangkuhan rezim ini, hindari kekacauan nasional & korban dgn segera undur diri",Hoaks,presiden jokowi sudah layak utk makzul jgn sampai masyarakat turun ke jalan tumbang angkuh rezim ini hindar kacau nasional korban dgn segera undur diri
290,"Kamis, 4 Juni 2020
Presiden Jokowi enggunakan Kaos Kaki (BUKAN SEPATU)
Meninjau Masjid Baiturrahim
Yang Berada
Di
Komplek Istana Kepresidenan Jakarta",Fakta,kamis 4 juni 2020 presiden jokowi enggunakan kaos kaki bukan sepatu tinjau masjid baiturrahim yang ada di komplek istana presiden jakarta
291,"Sedikit jelaskan saat presiden tinjau kesiapan kenormalan baru di Masjid Istiqlal Jakarta.

Klaim kelompok fitnah bahwa presiden masuk Masjid memakai sepatu.

Fakta saat presiden masuk Masjid adalah menggunakan kaus kaki berwarna putih bukan sepatu. ",Fakta,sedikit jelas saat presiden tinjau kesiap normal baru di masjid istiqlal jakarta klaim kelompok fitnah bahwa presiden masuk masjid pakai sepatu fakta saat presiden masuk masjid adalah guna kaus kaki warna putih bukan sepatu
292,"Fadli Zon disandingkan dengan gambar ikan buntal. Gambar merupakan tangkapan layar berita sebuah media berjudul ""Pesan Fadli Zon kepada SBY: Saya Kena Bully Setiap Hari, Masak Saya Dibilang 'Ikan Buntal'.",Hoax,fadli zon sanding dengan gambar ikan buntal gambar rupa tangkap layar berita buah media judul pesan fadli zon kepada sby saya kena bully tiap hari masak saya bilang ikan buntal
293,"Fadli Zon Curhat ke SBY Disebut Ikan Buntal,

Ada yang lagi BAPER, Man Teman...

Salam Indonesia",Hoax,fadli zon curhat ke sby sebut ikan buntal ada yang lagi baper man teman salam indonesia
294,"ada yang Bilang.....
Ternyata Helmi Yahya di pecat dari #DirutTVRI karena September kmrn menyiarkan Film G30S PKI.
Gitu tu ya...",Hoax,ada yang bilang nyata helm yahya di pecat dari diruttvri karena september kmrn siar film g30s pki gitu tu ya
295,"Helmi yahya dipecat dari tvri gara"" tayangan liga inggris yg katanya bukan jati diri bangsa.",Fakta,helm yahya pecat dari tvri gara tayang liga inggris yg kata bukan jati diri bangsa
296,"Geoge Floyd, pemuda kulit hitam tewas ditembak Polisi di Amerika. Polisi membantahnya.
Lalu rekaman CCTV beredar.
Sontak seluruh Amerika rusuh.
Kalau di Plnet Yours ""yang mesti ditangkap itu yg men-share video CCTV nya itu..."".
Ya, kan...?",Hoax,geoge floyd pemuda kulit hitam tewas tembak polisi di amerika polisi bantah lalu rekam cctv edar sontak seluruh amerika rusuh kalau di plnet yours yang mesti tangkap itu yg men share video cctv nya itu ya kan
297,"Bukan tewas krn ditembak, tp gara2 lehernya ditekan pake lutut, ga bs nafas dan meninggal. ",Fakta,bukan tewas krn tembak tp gara2 leher tekan pake lutut ga bs nafas dan tinggal
298,"Tengku Zul sok2an mengomentari kematian George Floyd warga kulit hitam yg tewas dibunuh polisi Minneapolis USA. Menurut Zul, Floyd tewas DITEMBAK. 

Faktanya Floyd tewas krn lehernya ditekan oleh lutut polisi hingga tak bisa bernapas.",Fakta,tengku zul sok2an komentar mati george floyd warga kulit hitam yg tewas bunuh polisi minneapolis usa turut zul floyd tewas tembak fakta floyd tewas krn leher tekan oleh lutut polisi hingga tak bisa napas
299,Tadi siang saya ditemui dan diberitahu tetangga Ruslan Buton di Bau-Bau bhw La Gode yang dibunuh bukan petani tetapi Preman di Halmahera yg sangat meresahkan masyarakat. Dia dibunuh ketka menyerang asrama TNI. Itu sebabnya Ruslan Buton dkk dapat apresiasi warga.,Hoax,tadi siang saya temu dan diberitahu tetangga ruslan buton di bau bau bhw la gode yang bunuh bukan tani tetapi preman di halmahera yg sangat resah masyarakat dia bunuh ketka serang asrama tni itu sebab ruslan buton dkk dapat apresiasi warga
300,"Pernyataan Terbaru Mabes @tni_ad tentang Ruslan Buton.
Disini jelas Krn kasus membunuh la Gode Krn mencuri singkong kemudian dititipkn di pos satgas pamrahwan.
Tp menurut @musniumar menyerang asrama.
Ini yg hoax TNI atau Umar?
@Puspen_TNI @DivHumas_Polri ",Fakta,nyata baru mabes tni ad tentang ruslan buton sini jelas krn kasus bunuh la gode krn curi singkong kemudian dititipkn di pos satgas pamrahwan tp turut musniumar serang asrama ini yg hoax tni atau umar puspen tni divhumas polri
